echo_name,date,start_time,end_time,clinic_status,clinic_type
"Pain Management",2015-10-15,"12:00 PM","1:00 PM",Completed,"ECHO Clinic"
Endocrinology,2015-11-19,"3:00 PM","4:30 PM",Completed,"ECHO Clinic"
"Autism School Psychology",2018-01-08,"11:00 AM","12:00 PM",Completed,"ECHO Clinic"
"Autism School Psychology",2018-02-12,"11:00 AM","12:00 PM",Completed,"ECHO Clinic"
"Autism School Psychology",2018-03-12,"11:00 AM","12:00 PM",Completed,"ECHO Clinic"
"Autism School Psychology",2018-04-09,"11:00 AM","12:00 PM",Completed,"ECHO Clinic"
"Autism Applied Behavior Analysis ",2018-01-05,"8:30 AM","9:30 AM",Completed,"ECHO Clinic"
"Autism Applied Behavior Analysis ",2018-02-02,"8:30 AM","9:30 AM",Completed,"ECHO Clinic"
"Autism Applied Behavior Analysis ",2018-03-02,"8:30 AM","9:30 AM",Completed,"ECHO Clinic"
"Autism Applied Behavior Analysis ",2018-04-06,"8:30 AM","9:30 AM",Completed,"ECHO Clinic"
"Asthma Care Accelerator",2018-03-06,"12:00 PM","1:00 PM",Completed,"ECHO Clinic"
"Asthma Care & Education ",2018-03-13,"12:00 PM","1:00 PM",Completed,"ECHO Clinic"
"Asthma Care Accelerator",2018-03-20,"12:00 PM","1:00 PM",Completed,"ECHO Clinic"
"Asthma Care & Education ",2018-03-27,"12:00 PM","1:00 PM",Completed,"ECHO Clinic"
Asthma,2018-01-09,"12:00 PM","1:30 PM",Completed,"ECHO Clinic"
"Asthma Care Accelerator",2018-04-03,"12:00 PM","1:00 PM",Completed,"ECHO Clinic"
"Asthma Care & Education ",2018-04-10,"12:00 PM","1:00 PM",Completed,"ECHO Clinic"
"Asthma Care Accelerator",2018-04-17,"12:00 PM","1:00 PM",Completed,"ECHO Clinic"
"Asthma Care & Education ",2018-04-24,"12:00 PM","1:00 PM",Completed,"ECHO Clinic"
Autism,2018-01-03,"11:45 AM","1:15 PM",Completed,"ECHO Clinic"
Autism,2018-01-17,"11:45 AM","1:15 PM",Completed,"ECHO Clinic"
Asthma,2018-01-16,"12:00 PM","1:30 PM",Completed,"ECHO Clinic"
Asthma,2018-01-23,"12:00 PM","1:30 PM",Completed,"ECHO Clinic"
Asthma,2018-01-30,"12:00 PM","1:30 PM",Completed,"ECHO Clinic"
"Child Psych",2018-01-12,"12:00 PM","1:00 PM",Completed,"ECHO Clinic"
"Child Psych",2018-01-26,"12:00 PM","1:00 PM",Completed,"ECHO Clinic"
"Pain Management",2018-01-12,"12:00 PM","1:00 PM",Completed,"ECHO Clinic"
"Pain Management",2018-01-18,"12:00 PM","1:00 PM",Completed,"ECHO Clinic"
"Community Health Worker",2018-01-02,"2:00 PM","3:00 PM",Completed,"ECHO Clinic"
"Community Health Worker",2018-01-16,"2:00 PM","3:00 PM",Completed,"ECHO Clinic"
Dermatology,2018-01-05,"12:00 PM","1:00 PM",Completed,"ECHO Clinic"
Dermatology,2018-01-19,"12:00 PM","1:00 PM",Completed,"ECHO Clinic"
"Opioid Use Disorder",2018-01-26,"12:00 PM","1:00 PM",Completed,"ECHO Clinic"
Dermatology,2018-01-26,"12:00 PM","1:00 PM",Completed,"ECHO Clinic"
"Healthcare Ethics",2018-01-11,"11:00 AM","12:00 PM",Completed,"ECHO Clinic"
"Hepatitis C",2018-01-05,"12:00 PM","1:00 PM",Completed,"ECHO Clinic"
"Hepatitis C",2018-01-19,"12:00 PM","1:00 PM",Completed,"ECHO Clinic"
"Opioid Use Disorder",2018-01-12,"12:00 PM","1:00 PM",Completed,"ECHO Clinic"
Asthma,2018-02-06,"12:00 PM","1:30 PM",Completed,"ECHO Clinic"
Asthma,2018-02-13,"12:00 PM","1:30 PM",Completed,"ECHO Clinic"
Asthma,2018-02-20,"12:00 PM","1:30 PM",Completed,"ECHO Clinic"
Asthma,2018-02-27,"12:00 PM","1:30 PM",Completed,"ECHO Clinic"
Autism,2018-02-07,"11:45 AM","1:15 PM",Completed,"ECHO Clinic"
Autism,2018-02-21,"11:45 AM","1:15 PM",Completed,"ECHO Clinic"
"Pain Management",2018-02-01,"12:00 PM","1:00 PM",Completed,"ECHO Clinic"
"Pain Management",2018-02-15,"12:00 PM","1:00 PM",Completed,"ECHO Clinic"
"Community Health Worker",2018-02-06,"2:00 PM","3:00 PM",Completed,"ECHO Clinic"
"Community Health Worker",2018-02-20,"2:00 PM","3:00 PM",Completed,"ECHO Clinic"
"Child Psych",2018-02-09,"12:00 PM","1:00 PM",Completed,"ECHO Clinic"
"Child Psych",2018-02-23,"12:00 PM","1:00 PM",Completed,"ECHO Clinic"
Dermatology,2018-02-02,"12:00 PM","1:00 PM",Completed,"ECHO Clinic"
Dermatology,2018-02-09,"12:00 PM","1:00 PM",Completed,"ECHO Clinic"
Dermatology,2018-02-23,"12:00 PM","1:00 PM",Completed,"ECHO Clinic"
"Healthcare Ethics",2018-02-08,"11:00 AM","12:00 PM",Completed,"ECHO Clinic"
"Hepatitis C",2018-02-02,"12:00 PM","1:00 PM",Completed,"ECHO Clinic"
"Hepatitis C",2018-02-16,"12:00 PM","1:00 PM",Completed,"ECHO Clinic"
"Opioid Use Disorder",2018-02-09,"11:45 AM","1:00 PM",Completed,"ECHO Clinic"
"Opioid Use Disorder",2018-02-23,"11:45 AM","1:00 PM",Completed,"ECHO Clinic"
"Autism Overflow Cases",2018-01-22,"4:00 PM","4:30 PM",Completed,"ECHO Clinic"
"Autism Overflow Cases",2018-01-29,"12:00 PM","2:00 PM",Completed,"ECHO Clinic"
"Autism Overflow Cases",2018-02-07,"2:00 PM","3:00 PM",Completed,"ECHO Clinic"
Autism,2018-03-07,"11:45 AM","1:15 PM",Completed,"ECHO Clinic"
Autism,2018-03-21,"11:45 AM","1:15 PM",Completed,"ECHO Clinic"
"Child Psych",2018-03-23,"12:00 PM","1:00 PM",Completed,"ECHO Clinic"
"Child Psych",2018-03-09,"12:00 PM","1:00 PM",Completed,"ECHO Clinic"
"Pain Management",2018-03-01,"12:00 PM","1:00 PM",Completed,"ECHO Clinic"
"Pain Management",2018-03-15,"12:00 PM","1:00 PM",Completed,"ECHO Clinic"
"Pain Management",2018-03-29,"12:00 PM","1:00 PM",Completed,"ECHO Clinic"
"Community Health Worker",2018-03-20,"2:00 PM","3:00 PM",Completed,"ECHO Clinic"
"Community Health Worker",2018-03-06,"2:00 PM","3:00 PM",Completed,"ECHO Clinic"
Dermatology,2018-03-23,"12:00 PM","1:00 PM",Completed,"ECHO Clinic"
"Hepatitis C",2018-03-16,"12:00 PM","1:00 PM",Completed,"ECHO Clinic"
Dermatology,2018-03-02,"12:00 PM","1:00 PM",Completed,"ECHO Clinic"
Dermatology,2018-03-09,"12:00 PM","1:00 PM",Completed,"ECHO Clinic"
Dermatology,2018-03-16,"12:00 PM","1:00 PM",Completed,"ECHO Clinic"
"Healthcare Ethics",2018-03-08,"11:00 AM","12:00 PM",Completed,"ECHO Clinic"
"Hepatitis C",2018-03-02,"12:00 PM","1:00 PM",Completed,"ECHO Clinic"
"Opioid Use Disorder",2018-03-23,"11:45 AM","1:00 PM",Completed,"ECHO Clinic"
"Opioid Use Disorder",2018-03-09,"11:45 AM","1:00 PM",Completed,"ECHO Clinic"
"Autism Overflow Cases",2018-02-16,"12:00 PM","12:30 PM",Completed,"ECHO Clinic"
"Autism Overflow Cases",2018-03-05,"12:30 PM","1:00 PM",Completed,"ECHO Clinic"
"Autism Overflow Cases",2018-03-12,"3:00 PM","3:30 PM",Completed,"ECHO Clinic"
"Autism Overflow Cases",2018-03-15,"9:30 AM","10:00 AM",Completed,"ECHO Clinic"
"Autism Overflow Cases",2018-03-23,"2:00 PM","2:30 PM",Completed,"ECHO Clinic"
Autism,2018-04-04,"11:45 AM","1:15 PM",Completed,"ECHO Clinic"
Autism,2018-04-18,"11:45 AM","1:15 PM",Completed,"ECHO Clinic"
"Child Psych",2018-04-13,"12:00 PM","1:00 PM",Completed,"ECHO Clinic"
"Child Psych",2018-04-27,"12:00 PM","1:00 PM",Completed,"ECHO Clinic"
"Pain Management",2018-04-12,"12:00 PM","1:00 PM",Completed,"ECHO Clinic"
"Community Health Worker",2018-04-03,"2:00 PM","3:00 PM",Completed,"ECHO Clinic"
"Community Health Worker",2018-04-17,"2:00 PM","3:00 PM",Completed,"ECHO Clinic"
Dermatology,2018-04-06,"12:00 PM","1:00 PM",Completed,"ECHO Clinic"
Dermatology,2018-04-13,"12:00 PM","1:00 PM",Completed,"ECHO Clinic"
Dermatology,2018-04-20,"12:00 PM","1:00 PM",Completed,"ECHO Clinic"
Dermatology,2018-04-27,"12:00 PM","1:00 PM",Completed,"ECHO Clinic"
"Healthcare Ethics",2018-04-12,"11:00 AM","12:00 PM",Completed,"ECHO Clinic"
"Hepatitis C",2018-04-06,"12:00 PM","1:00 PM",Completed,"ECHO Clinic"
"Hepatitis C",2018-04-20,"12:00 PM","1:00 PM",Completed,"ECHO Clinic"
"Opioid Use Disorder",2018-04-27,"11:45 AM","1:00 PM",Completed,"ECHO Clinic"
MTSS,2018-04-17,"4:00 PM","5:00 PM",Completed,"ECHO Clinic"
MTSS,2018-05-01,"4:00 PM","5:00 PM",Completed,"ECHO Clinic"
MTSS,2018-05-15,"4:00 PM","5:00 PM",Completed,"ECHO Clinic"
"Autism Psychology",2018-04-11,"11:45 AM","1:15 PM",Completed,"ECHO Clinic"
Asthma,2018-05-01,"12:00 PM","1:30 PM",Completed,"ECHO Clinic"
Asthma,2018-05-08,"12:00 PM","1:30 PM",Completed,"ECHO Clinic"
Asthma,2018-05-22,"12:00 PM","1:30 PM",Completed,"ECHO Clinic"
Autism,2018-05-02,"11:45 AM","1:15 PM",Completed,"ECHO Clinic"
Autism,2018-05-16,"11:45 AM","1:15 PM",Completed,"ECHO Clinic"
"Child Psych",2018-05-11,"12:00 PM","1:00 PM",Completed,"ECHO Clinic"
"Pain Management",2018-05-10,"12:00 PM","1:00 PM",Completed,"ECHO Clinic"
"Pain Management",2018-05-24,"12:00 PM","1:00 PM",Completed,"ECHO Clinic"
"Community Health Worker",2018-05-01,"2:00 PM","3:00 PM",Completed,"ECHO Clinic"
"Community Health Worker",2018-05-15,"2:00 PM","3:00 PM",Completed,"ECHO Clinic"
Dermatology,2018-05-04,"12:00 PM","1:00 PM",Completed,"ECHO Clinic"
Dermatology,2018-05-11,"12:00 PM","1:00 PM",Completed,"ECHO Clinic"
Dermatology,2018-05-18,"12:00 PM","1:00 PM",Completed,"ECHO Clinic"
"Healthcare Ethics",2018-05-10,"11:00 AM","12:00 PM",Completed,"ECHO Clinic"
"Hepatitis C",2018-05-04,"12:00 PM","1:00 PM",Completed,"ECHO Clinic"
"Hepatitis C",2018-05-18,"12:00 PM","1:00 PM",Completed,"ECHO Clinic"
"Opioid Use Disorder",2018-05-11,"11:45 AM","1:00 PM",Completed,"ECHO Clinic"
"Opioid Use Disorder",2018-05-25,"11:45 AM","1:00 PM",Completed,"ECHO Clinic"
"Autism Overflow Cases",2018-05-02,"2:30 PM","3:00 PM",Completed,"ECHO Clinic"
"Autism Overflow Cases",2018-05-04,"11:30 AM","1:00 PM",Completed,"ECHO Clinic"
"Autism Psychology",2018-05-09,"11:45 AM","1:15 PM",Completed,"ECHO Clinic"
"Autism Psychology",2018-04-25,"11:45 AM","1:15 PM",Completed,"ECHO Clinic"
Asthma,2018-05-15,"12:00 PM","1:30 PM",Completed,"ECHO Clinic"
"Autism Psychology",2018-05-23,"11:45 AM","1:15 PM",Completed,"ECHO Clinic"
Asthma,2018-06-05,"12:00 PM","1:30 PM",Completed,"ECHO Clinic"
Asthma,2018-06-12,"12:00 PM","1:30 PM",Completed,"ECHO Clinic"
Asthma,2018-06-19,"12:00 PM","1:30 PM",Completed,"ECHO Clinic"
Asthma,2018-06-26,"12:00 PM","1:30 PM",Completed,"ECHO Clinic"
Autism,2018-06-06,"11:45 AM","1:15 PM",Completed,"ECHO Clinic"
Autism,2018-06-20,"11:45 AM","1:15 PM",Completed,"ECHO Clinic"
"Pain Management",2018-06-07,"12:00 PM","1:00 PM",Completed,"ECHO Clinic"
"Pain Management",2018-06-21,"12:00 PM","1:00 PM",Completed,"ECHO Clinic"
"Community Health Worker",2018-06-05,"2:00 PM","3:00 PM",Completed,"ECHO Clinic"
"Community Health Worker",2018-06-19,"2:00 PM","3:00 PM",Completed,"ECHO Clinic"
"Hepatitis C",2018-06-01,"12:00 PM","1:00 PM",Completed,"ECHO Clinic"
Dermatology,2018-06-01,"12:00 PM","1:00 PM",Completed,"ECHO Clinic"
Dermatology,2018-06-08,"12:00 PM","1:00 PM",Completed,"ECHO Clinic"
"Opioid Use Disorder",2018-06-08,"11:45 AM","1:00 PM",Completed,"ECHO Clinic"
Dermatology,2018-06-22,"12:00 PM","1:00 PM",Completed,"ECHO Clinic"
"Hepatitis C",2018-06-15,"12:00 PM","1:00 PM",Completed,"ECHO Clinic"
"Opioid Use Disorder",2018-06-22,"11:45 AM","1:00 PM",Completed,"ECHO Clinic"
"Autism Psychology",2018-06-13,"11:45 AM","1:15 PM",Completed,"ECHO Clinic"
"Autism Psychology",2018-06-27,"11:45 AM","1:15 PM",Completed,"ECHO Clinic"
MTSS,2018-06-04,"1:30 PM","2:30 PM",Completed,"ECHO Clinic"
"Autism Overflow Cases",2018-05-23,"1:40 PM","2:20 PM",Completed,"ECHO Clinic"
"Autism Overflow Cases",2018-05-30,"1:20 PM","1:50 PM",Completed,"ECHO Clinic"
"Asthma Care Accelerator",2018-07-10,"12:00 PM","1:00 PM",Completed,"ECHO Clinic"
"Asthma Care Accelerator",2018-07-24,"12:00 PM","1:00 PM",Completed,"ECHO Clinic"
"Asthma Care & Education ",2018-07-17,"12:00 PM","1:00 PM",Completed,"ECHO Clinic"
"Asthma Care & Education ",2018-07-31,"12:00 PM","1:00 PM",Completed,"ECHO Clinic"
Autism,2018-07-18,"11:45 AM","1:15 PM",Completed,"ECHO Clinic"
Dermatology,2018-07-13,"12:00 PM","1:00 PM",Completed,"ECHO Clinic"
Dermatology,2018-07-20,"12:00 PM","1:00 PM",Completed,"ECHO Clinic"
"Hepatitis C",2018-07-06,"12:00 PM","1:00 PM",Completed,"ECHO Clinic"
"Hepatitis C",2018-07-20,"12:00 PM","1:00 PM",Completed,"ECHO Clinic"
"Opioid Use Disorder",2018-07-13,"11:45 AM","1:00 PM",Completed,"ECHO Clinic"
"Autism Psychology",2018-07-11,"11:45 AM","1:15 PM",Completed,"ECHO Clinic"
"Autism Psychology",2018-07-25,"11:45 AM","1:15 PM",Completed,"ECHO Clinic"
"Healthcare Ethics",2018-07-12,"11:00 AM","12:00 PM",Completed,"ECHO Clinic"
"Asthma Care Accelerator",2018-08-07,"12:00 PM","1:00 PM",Completed,"ECHO Clinic"
"Asthma Care Accelerator",2018-08-21,"12:00 PM","1:00 PM",Completed,"ECHO Clinic"
"Opioid Use Disorder",2018-08-10,"11:45 AM","1:00 PM",Completed,"ECHO Clinic"
"Asthma Care & Education ",2018-08-14,"12:00 PM","1:00 PM",Completed,"ECHO Clinic"
"Asthma Care & Education ",2018-08-28,"12:00 PM","1:00 PM",Completed,"ECHO Clinic"
Autism,2018-08-01,"11:45 AM","1:15 PM",Completed,"ECHO Clinic"
Autism,2018-08-15,"11:45 AM","1:15 PM",Completed,"ECHO Clinic"
"Child Psych",2018-08-24,"12:00 PM","1:00 PM",Completed,"ECHO Clinic"
Dermatology,2018-08-03,"12:00 PM","1:00 PM",Completed,"ECHO Clinic"
Dermatology,2018-08-17,"12:00 PM","1:00 PM",Completed,"ECHO Clinic"
"Opioid Use Disorder",2018-08-24,"11:45 AM","1:00 PM",Completed,"ECHO Clinic"
Dermatology,2018-08-24,"12:00 PM","1:00 PM",Completed,"ECHO Clinic"
"Healthcare Ethics",2018-08-09,"12:00 PM","1:00 PM",Completed,"ECHO Clinic"
"Autism School Psychology",2018-09-10,"11:00 AM","12:00 PM",Completed,"ECHO Clinic"
"Hepatitis C",2018-08-03,"12:00 PM","1:00 PM",Completed,"ECHO Clinic"
"Rural Veterans Behavioral Health",2018-09-05,"7:00 AM","8:00 AM",Completed,"ECHO Clinic"
"Autism Psychology",2018-08-08,"11:45 AM","1:15 PM",Completed,"ECHO Clinic"
Autism,2018-09-05,"11:45 AM","1:15 PM",Completed,"ECHO Clinic"
Autism,2018-09-19,"11:45 AM","1:15 PM",Completed,"ECHO Clinic"
Asthma,2018-09-04,"12:00 PM","1:30 PM",Completed,"ECHO Clinic"
Asthma,2018-09-11,"12:00 PM","1:30 PM",Completed,"ECHO Clinic"
Asthma,2018-09-18,"12:00 PM","1:30 PM",Completed,"ECHO Clinic"
Asthma,2018-09-25,"12:00 PM","1:30 PM",Completed,"ECHO Clinic"
"Child Psych",2018-09-14,"12:00 PM","1:00 PM",Completed,"ECHO Clinic"
"Child Psych",2018-09-28,"12:00 PM","1:00 PM",Completed,"ECHO Clinic"
"Community Health Worker",2018-09-04,"2:00 PM","3:00 PM",Completed,"ECHO Clinic"
"Community Health Worker",2018-09-18,"2:00 PM","3:00 PM",Completed,"ECHO Clinic"
Dermatology,2018-09-07,"12:00 PM","1:00 PM",Completed,"ECHO Clinic"
Dermatology,2018-09-14,"12:00 PM","1:00 PM",Completed,"ECHO Clinic"
Dermatology,2018-09-28,"12:00 PM","1:00 PM",Completed,"ECHO Clinic"
"Healthcare Ethics",2018-09-13,"12:00 PM","1:00 PM",Completed,"ECHO Clinic"
"Hepatitis C",2018-09-07,"12:00 PM","1:00 PM",Completed,"ECHO Clinic"
"Hepatitis C",2018-09-21,"12:00 PM","1:00 PM",Completed,"ECHO Clinic"
MTSS,2018-09-06,"4:00 PM","5:00 PM",Completed,"ECHO Clinic"
MTSS,2018-09-20,"4:00 PM","5:00 PM",Completed,"ECHO Clinic"
"Pain Management",2018-09-06,"12:00 PM","1:00 PM",Completed,"ECHO Clinic"
"Pain Management",2018-09-20,"12:00 PM","1:00 PM",Completed,"ECHO Clinic"
"Opioid Use Disorder",2018-09-14,"11:45 AM","1:00 PM",Completed,"ECHO Clinic"
"Opioid Use Disorder",2018-09-28,"11:45 AM","1:00 PM",Completed,"ECHO Clinic"
"Rural Veterans Behavioral Health",2018-09-19,"7:00 AM","8:00 AM",Completed,"ECHO Clinic"
"Autism Overflow Cases",2018-06-08,"11:40 AM","12:20 PM",Completed,"ECHO Clinic"
"Autism Overflow Cases",2018-07-06,"11:40 AM","1:40 PM",Completed,"ECHO Clinic"
"Autism Overflow Cases",2018-08-03,"11:40 AM","1:40 PM",Completed,"ECHO Clinic"
"Autism Overflow Cases",2018-08-17,"11:40 AM","1:40 PM",Completed,"ECHO Clinic"
"Autism Overflow Cases",2018-08-31,"12:00 PM","12:40 PM",Completed,"ECHO Clinic"
"Autism Psychology",2018-08-22,"11:45 AM","1:15 PM",Completed,"ECHO Clinic"
"Autism Overflow Cases",2018-06-28,"2:00 PM","3:00 PM",Completed,"ECHO Clinic"
"Autism Applied Behavior Analysis ",2018-09-07,"8:15 AM","9:30 AM",Completed,"ECHO Clinic"
"Autism Applied Behavior Analysis ",2018-10-05,"8:15 AM","9:30 AM",Completed,"ECHO Clinic"
"Autism Applied Behavior Analysis ",2018-11-02,"8:15 AM","9:30 AM",Completed,"ECHO Clinic"
"Autism Applied Behavior Analysis ",2018-12-07,"8:15 AM","9:30 AM",Completed,"ECHO Clinic"
"Autism Applied Behavior Analysis ",2019-01-04,"8:15 AM","9:30 AM",Completed,"ECHO Clinic"
"Autism Applied Behavior Analysis ",2019-02-08,"8:15 AM","9:30 AM",Completed,"ECHO Clinic"
"Autism Applied Behavior Analysis ",2019-03-01,"8:15 AM","9:30 AM",Completed,"ECHO Clinic"
"Autism Applied Behavior Analysis ",2019-04-05,"8:15 AM","9:30 AM",Completed,"ECHO Clinic"
"Autism Psychology",2018-09-12,"11:45 AM","1:15 PM",Completed,"ECHO Clinic"
"Autism School Psychology",2018-10-15,"11:00 AM","12:00 PM",Completed,"ECHO Clinic"
"Autism School Psychology",2018-11-19,"11:00 AM","12:00 PM",Completed,"ECHO Clinic"
"Autism School Psychology",2018-12-10,"11:00 AM","12:00 PM",Completed,"ECHO Clinic"
"Autism School Psychology",2019-01-07,"11:00 AM","12:00 PM",Completed,"ECHO Clinic"
"Autism School Psychology",2019-02-04,"11:00 AM","12:00 PM",Completed,"ECHO Clinic"
"Autism School Psychology",2019-03-11,"11:00 AM","12:00 PM",Completed,"ECHO Clinic"
"Autism School Psychology",2019-04-08,"11:00 AM","12:00 PM",Completed,"ECHO Clinic"
"Autism School Psychology",2019-05-06,"11:00 AM","12:00 PM",Completed,"ECHO Clinic"
"Autism Psychology",2018-09-26,"11:45 AM","1:15 PM",Completed,"ECHO Clinic"
"Autism Overflow Cases",2018-09-12,"1:40 PM","4:20 PM",Completed,"ECHO Clinic"
"Autism Overflow Cases",2018-09-13,"2:10 PM","4:50 PM",Completed,"ECHO Clinic"
"Autism Psychology",2018-10-10,"11:45 AM","1:15 PM",Completed,"ECHO Clinic"
Asthma,2018-10-02,"12:00 PM","1:30 PM",Completed,"ECHO Clinic"
Asthma,2018-10-09,"12:00 PM","1:30 PM",Completed,"ECHO Clinic"
Asthma,2018-10-16,"12:00 PM","1:30 PM",Completed,"ECHO Clinic"
Asthma,2018-10-23,"12:00 PM","1:30 PM",Completed,"ECHO Clinic"
Autism,2018-10-03,"11:45 AM","1:15 PM",Completed,"ECHO Clinic"
"Community Health Worker",2018-10-02,"2:00 PM","3:00 PM",Completed,"ECHO Clinic"
Autism,2018-10-17,"11:45 AM","1:15 PM",Completed,"ECHO Clinic"
"Community Health Worker",2018-10-16,"2:00 PM","3:00 PM",Completed,"ECHO Clinic"
"Child Psych",2018-10-12,"12:00 PM","1:00 PM",Completed,"ECHO Clinic"
"Child Psych",2018-10-26,"12:00 PM","1:00 PM",Completed,"ECHO Clinic"
Dermatology,2018-10-12,"12:00 PM","1:00 PM",Completed,"ECHO Clinic"
Dermatology,2018-10-19,"12:00 PM","1:00 PM",Completed,"ECHO Clinic"
"Healthcare Ethics",2018-10-11,"12:00 PM","1:00 PM",Completed,"ECHO Clinic"
"Hepatitis C",2018-10-05,"12:00 PM","1:00 PM",Completed,"ECHO Clinic"
"Hepatitis C",2018-10-19,"12:00 PM","1:00 PM",Completed,"ECHO Clinic"
"Pain Management",2018-10-04,"12:00 PM","1:00 PM",Completed,"ECHO Clinic"
"Pain Management",2018-10-25,"12:15 PM","1:15 PM",Completed,"ECHO Clinic"
"Rural Veterans Behavioral Health",2018-10-09,"12:00 PM","1:00 PM",Completed,"ECHO Clinic"
"Rural Veterans Behavioral Health",2018-10-23,"12:00 PM","1:00 PM",Completed,"ECHO Clinic"
MTSS,2018-10-18,"4:00 PM","5:00 PM",Completed,"ECHO Clinic"
Autism,2018-10-31,"11:45 AM","1:15 PM",Completed,"ECHO Clinic"
"Autism Transition to Adulthood",2018-10-16,"11:14 AM","12:02 PM",Completed,"ECHO Clinic"
"Autism Transition to Adulthood",2018-10-23,"11:00 AM","12:00 PM",Completed,"ECHO Clinic"
HIV,2018-11-08,"12:00 PM","1:00 PM",Completed,"ECHO Clinic"
"Autism Transition to Adulthood",2018-10-09,"11:00 AM","12:02 PM",Completed,"ECHO Clinic"
Autism,2018-11-07,"11:45 AM","1:15 PM",Completed,"ECHO Clinic"
Autism,2018-11-21,"11:45 AM","1:15 PM",Completed,"ECHO Clinic"
"Child Psych",2018-11-09,"12:00 PM","1:00 PM",Completed,"ECHO Clinic"
"Community Health Worker",2018-11-06,"2:00 PM","3:00 PM",Completed,"ECHO Clinic"
"Community Health Worker",2018-11-20,"2:00 PM","3:00 PM",Completed,"ECHO Clinic"
Dermatology,2018-11-16,"12:00 PM","1:00 PM",Completed,"ECHO Clinic"
"Healthcare Ethics",2018-11-08,"12:00 PM","1:00 PM",Completed,"ECHO Clinic"
"Rural Veterans Behavioral Health",2018-11-13,"12:00 PM","1:00 PM",Completed,"ECHO Clinic"
"Rural Veterans Behavioral Health",2018-11-27,"12:00 PM","1:00 PM",Completed,"ECHO Clinic"
MTSS,2018-11-01,"4:00 PM","5:00 PM",Completed,"ECHO Clinic"
"Pain Management",2018-11-15,"12:00 PM","1:00 PM",Completed,"ECHO Clinic"
"Hepatitis C",2018-11-02,"12:00 PM","1:00 PM",Completed,"ECHO Clinic"
"Hepatitis C",2018-11-16,"12:00 PM","1:00 PM",Completed,"ECHO Clinic"
"Autism Overflow Cases",2018-11-07,"1:20 PM","2:40 PM",Completed,"ECHO Clinic"
"Autism Transition to Adulthood",2018-10-30,"11:16 AM","12:02 PM",Completed,"ECHO Clinic"
"Pain Management",2018-11-01,"12:00 PM","1:00 PM",Completed,"ECHO Clinic"
"Autism Transition to Adulthood",2018-11-06,"11:00 AM","12:02 PM",Completed,"ECHO Clinic"
"Autism Transition to Adulthood",2018-11-13,"11:00 AM","12:02 PM",Completed,"ECHO Clinic"
"Autism Transition to Adulthood",2018-11-20,"11:00 AM","12:00 PM",Completed,"ECHO Clinic"
"Autism Transition to Adulthood",2018-11-27,"11:00 AM","12:00 PM",Completed,"ECHO Clinic"
"Autism Transition to Adulthood",2018-12-04,"11:00 AM","12:00 PM",Completed,"ECHO Clinic"
"Autism Transition to Adulthood",2018-12-11,"11:00 AM","12:00 PM",Completed,"ECHO Clinic"
"Community Health Worker",2018-12-18,"2:00 PM","3:00 PM",Completed,"ECHO Clinic"
"Kidney Disease Webinar Series",2019-08-01,"12:00 PM","1:00 PM",Completed,"ECHO Clinic"
"Autism Transition to Adulthood",2018-12-18,"11:00 AM","12:00 PM",Completed,"ECHO Clinic"
"Autism Transition to Adulthood",2019-01-08,"11:00 AM","12:00 PM",Completed,"ECHO Clinic"
"Asthma Care & Education ",2018-11-27,"12:00 PM","1:00 PM",Completed,"ECHO Clinic"
"Asthma Care & Education ",2018-11-13,"12:00 PM","1:00 PM",Completed,"ECHO Clinic"
"Autism Psychology",2018-11-14,"11:45 AM","1:15 PM",Completed,"ECHO Clinic"
Dermatology,2018-11-30,"12:00 PM","1:00 PM",Completed,"ECHO Clinic"
"Autism Overflow Cases",2018-11-29,"2:00 PM","5:00 PM",Completed,"ECHO Clinic"
Autism,2018-12-05,"11:45 AM","1:15 PM",Completed,"ECHO Clinic"
"Autism Overflow Cases",2018-12-06,"11:00 AM","1:00 PM",Completed,"ECHO Clinic"
Autism,2018-12-19,"11:45 AM","1:15 PM",Completed,"ECHO Clinic"
"Autism Overflow Cases",2018-12-21,"11:00 AM","1:40 PM",Completed,"ECHO Clinic"
"Autism Overflow Cases",2019-01-04,"11:40 AM","1:40 PM",Completed,"ECHO Clinic"
"Community Health Worker",2018-12-04,"2:00 PM","3:00 PM",Completed,"ECHO Clinic"
"Child Psych",2018-12-14,"12:00 PM","1:00 PM",Completed,"ECHO Clinic"
Dermatology,2018-12-07,"12:00 PM","1:00 PM",Completed,"ECHO Clinic"
Dermatology,2018-12-14,"12:00 PM","1:00 PM",Completed,"ECHO Clinic"
"Healthcare Ethics",2018-12-13,"12:00 PM","1:00 PM",Completed,"ECHO Clinic"
"Hepatitis C",2018-12-07,"12:00 PM","1:00 PM",Completed,"ECHO Clinic"
HIV,2018-12-13,"12:00 PM","1:00 PM",Completed,"ECHO Clinic"
MTSS,2018-12-06,"4:00 PM","5:00 PM",Completed,"ECHO Clinic"
"Pain Management",2018-12-06,"12:00 PM","1:00 PM",Completed,"ECHO Clinic"
"Pain Management",2018-12-20,"12:00 PM","1:00 PM",Completed,"ECHO Clinic"
"Rural Veterans Behavioral Health",2018-12-11,"12:00 PM","1:00 PM",Completed,"ECHO Clinic"
"Autism Overflow Cases",2018-10-22,"8:00 AM","8:40 AM",Completed,"ECHO Clinic"
"Autism Overflow Cases",2018-10-12,"11:40 AM","1:00 PM",Completed,"ECHO Clinic"
"Autism Psychology",2018-11-28,"11:45 AM","1:15 PM",Completed,"ECHO Clinic"
"Autism Overflow Cases",2018-12-20,"8:00 AM","1:00 PM",Completed,"ECHO Clinic"
"Autism Overflow Cases",2019-01-11,"11:40 AM","1:40 PM",Completed,"ECHO Clinic"
Autism,2019-01-02,"11:45 AM","1:15 PM",Completed,"ECHO Clinic"
Autism,2019-01-16,"11:45 AM","1:15 PM",Completed,"ECHO Clinic"
Asthma,2019-01-08,"12:00 PM","1:30 PM",Completed,"ECHO Clinic"
Asthma,2019-01-15,"12:00 PM","1:30 PM",Completed,"ECHO Clinic"
Asthma,2019-01-22,"12:00 PM","1:30 PM",Completed,"ECHO Clinic"
Asthma,2019-01-29,"12:00 PM","1:30 PM",Completed,"ECHO Clinic"
"Child Psych",2019-01-11,"12:00 PM","1:00 PM",Completed,"ECHO Clinic"
"Child Psych",2019-01-25,"12:00 PM","1:00 PM",Completed,"ECHO Clinic"
"Community Health Worker",2019-01-15,"2:00 PM","3:00 PM",Completed,"ECHO Clinic"
"Community Health Worker",2019-01-29,"2:00 PM","3:00 PM",Completed,"ECHO Clinic"
Dermatology,2019-01-11,"12:00 PM","1:00 PM",Completed,"ECHO Clinic"
Dermatology,2019-01-04,"12:00 PM","1:00 PM",Completed,"ECHO Clinic"
MTSS,2019-01-17,"4:00 PM","5:00 PM",Completed,"ECHO Clinic"
"Healthcare Ethics",2019-01-10,"12:00 PM","1:00 PM",Completed,"ECHO Clinic"
"Hepatitis C",2019-01-04,"12:00 PM","1:00 PM",Completed,"ECHO Clinic"
"Hepatitis C",2019-01-18,"12:00 PM","1:00 PM",Completed,"ECHO Clinic"
HIV,2019-01-10,"12:00 PM","1:00 PM",Completed,"ECHO Clinic"
"Pain Management",2019-01-17,"12:00 PM","1:00 PM",Completed,"ECHO Clinic"
"Rural Veterans Behavioral Health",2019-01-08,"12:00 PM","1:00 PM",Completed,"ECHO Clinic"
"Nurse Education Webinar Series",2019-01-09,"2:30 PM","3:30 PM",Completed,"ECHO Clinic"
"Nurse Education Webinar Series",2019-01-16,"2:30 PM","3:30 PM",Completed,"ECHO Clinic"
"Nurse Education Webinar Series",2019-02-06,"2:30 PM","3:30 PM",Completed,"ECHO Clinic"
"Nurse Education Webinar Series",2019-02-20,"2:30 PM","3:30 PM",Completed,"ECHO Clinic"
"Nurse Education Webinar Series",2019-03-06,"2:30 PM","3:30 PM",Completed,"ECHO Clinic"
"Nurse Education Webinar Series",2019-03-20,"2:30 PM","3:30 PM",Completed,"ECHO Clinic"
"Nurse Education Webinar Series",2019-04-03,"2:30 PM","3:30 PM",Completed,"ECHO Clinic"
"Nurse Education Webinar Series",2019-04-17,"2:30 PM","3:30 PM",Completed,"ECHO Clinic"
"Nurse Education Webinar Series",2019-05-01,"2:30 PM","3:30 PM",Completed,"ECHO Clinic"
"Nurse Education Webinar Series",2019-05-08,"2:30 PM","3:30 PM",Completed,"ECHO Clinic"
"Nurse Education Webinar Series",2019-06-05,"2:30 PM","3:30 PM",Completed,"ECHO Clinic"
"Nurse Education Webinar Series",2019-06-19,"2:30 PM","3:30 PM",Completed,"ECHO Clinic"
"Autism Psychology",2019-01-09,"12:00 PM","12:35 PM",Completed,"ECHO Clinic"
"Autism Psychology",2018-12-12,"11:45 AM","1:15 PM",Completed,"ECHO Clinic"
"Autism Crisis Care",2019-02-04,"11:45 AM","1:15 PM",Completed,"ECHO Clinic"
"Autism Psychology",2019-01-23,"11:45 AM","1:15 PM",Completed,"ECHO Clinic"
"Autism Psychology",2019-02-13,"11:45 AM","1:15 PM",Completed,"ECHO Clinic"
Dermatology,2019-02-01,"12:00 PM","1:00 PM",Completed,"ECHO Clinic"
"Hepatitis C",2019-02-01,"12:00 PM","1:00 PM",Completed,"ECHO Clinic"
Autism,2019-02-06,"11:45 AM","1:15 PM",Completed,"ECHO Clinic"
Autism,2019-02-20,"11:45 AM","1:15 PM",Completed,"ECHO Clinic"
Asthma,2019-02-05,"12:00 PM","1:30 PM",Completed,"ECHO Clinic"
Asthma,2019-02-12,"12:00 PM","1:30 PM",Completed,"ECHO Clinic"
Asthma,2019-02-19,"12:00 PM","1:30 PM",Completed,"ECHO Clinic"
Asthma,2019-02-26,"12:00 PM","1:30 PM",Completed,"ECHO Clinic"
"Child Psych",2019-02-08,"12:00 PM","1:00 PM",Completed,"ECHO Clinic"
"Child Psych",2019-02-22,"12:00 PM","1:00 PM",Completed,"ECHO Clinic"
"Community Health Worker",2019-02-05,"2:00 PM","3:00 PM",Completed,"ECHO Clinic"
"Community Health Worker",2019-02-19,"2:00 PM","3:00 PM",Completed,"ECHO Clinic"
Dermatology,2019-02-15,"12:00 PM","1:00 PM",Completed,"ECHO Clinic"
"Healthcare Ethics",2019-02-14,"12:00 PM","1:00 PM",Completed,"ECHO Clinic"
HIV,2019-02-14,"12:00 PM","1:00 PM",Completed,"ECHO Clinic"
MTSS,2019-02-21,"4:00 PM","5:00 PM",Completed,"ECHO Clinic"
"Opioid Use Disorder",2019-02-08,"11:45 AM","1:00 PM",Completed,"ECHO Clinic"
"Opioid Use Disorder",2019-02-22,"11:45 AM","1:00 PM",Completed,"ECHO Clinic"
"Pain Management",2019-02-07,"12:00 PM","1:00 PM",Completed,"ECHO Clinic"
"Pain Management",2019-02-21,"12:00 PM","1:00 PM",Completed,"ECHO Clinic"
"Rural Veterans Behavioral Health",2019-02-12,"12:00 PM","1:00 PM",Completed,"ECHO Clinic"
"Autism Crisis Care",2019-05-20,"11:45 AM","1:15 PM",Completed,"ECHO Clinic"
"Rural Veterans Behavioral Health",2019-02-26,"12:00 PM","1:00 PM",Completed,"ECHO Clinic"
"CROWN - High Risk OB (Rural)",2019-02-28,"12:00 PM","1:00 PM",Completed,"ECHO Clinic"
"HOPE - High Risk OB (Urban)",2019-02-05,"12:00 PM","1:00 PM",Completed,"ECHO Clinic"
"Community Health Worker",2019-03-05,"2:00 PM","3:00 PM",Completed,"ECHO Clinic"
"HOPE - High Risk OB (Urban)",2019-02-19,"12:00 PM","1:00 PM",Completed,"ECHO Clinic"
"NAS ",2019-02-07,"12:00 PM","1:00 PM",Completed,"ECHO Clinic"
"NAS ",2019-02-21,"12:00 PM","1:00 PM",Completed,"ECHO Clinic"
"Oral Health",2019-02-13,"12:00 PM","1:00 PM",Completed,"ECHO Clinic"
"Autism Transition to Adulthood",2019-02-12,"11:00 AM","12:03 PM",Completed,"ECHO Clinic"
"Autism Crisis Care",2019-02-18,"11:45 AM","1:15 PM",Completed,"ECHO Clinic"
"Autism Crisis Care",2019-03-04,"11:45 AM","1:15 PM",Completed,"ECHO Clinic"
HIV,2019-03-14,"12:00 PM","1:00 PM",Completed,"ECHO Clinic"
"Autism Crisis Care",2019-03-18,"11:45 AM","1:15 PM",Completed,"ECHO Clinic"
"Autism Crisis Care",2019-04-01,"11:45 AM","1:15 PM",Completed,"ECHO Clinic"
"Autism Crisis Care",2019-04-15,"11:45 AM","1:15 PM",Completed,"ECHO Clinic"
"Autism Crisis Care",2019-04-29,"11:45 AM","1:15 PM",Completed,"ECHO Clinic"
"Autism Crisis Care",2019-05-06,"11:45 AM","1:15 PM",Completed,"ECHO Clinic"
"Autism Crisis Care",2019-06-03,"11:45 AM","1:26 PM",Completed,"ECHO Clinic"
"Autism Crisis Care",2019-06-17,"11:45 AM","1:20 PM",Completed,"ECHO Clinic"
"Autism Crisis Care",2019-07-01,"11:45 AM","1:15 PM",Completed,"ECHO Clinic"
"Autism Transition to Adulthood",2019-02-26,"11:00 AM","12:00 PM",Completed,"ECHO Clinic"
"Autism Transition to Adulthood",2019-03-12,"11:00 AM","12:00 PM",Completed,"ECHO Clinic"
"Autism Transition to Adulthood",2019-03-26,"11:00 AM","12:00 PM",Completed,"ECHO Clinic"
"Autism Transition to Adulthood",2019-04-09,"11:00 AM","12:02 PM",Completed,"ECHO Clinic"
"Autism Transition to Adulthood",2019-04-23,"11:00 AM","12:00 PM",Completed,"ECHO Clinic"
"Autism Transition to Adulthood",2019-05-14,"11:00 AM","12:00 PM",Completed,"ECHO Clinic"
"Autism Transition to Adulthood",2019-05-28,"11:00 AM","11:53 AM",Completed,"ECHO Clinic"
"Autism Transition to Adulthood",2019-06-11,"11:00 AM","12:00 PM",Completed,"ECHO Clinic"
"Autism Transition to Adulthood",2019-06-25,"11:00 AM","11:55 AM",Completed,"ECHO Clinic"
"Autism Transition to Adulthood",2019-07-09,"11:00 AM","12:00 PM",Completed,"ECHO Clinic"
"Autism Transition to Adulthood",2019-07-30,"11:00 AM","12:00 PM",Completed,"ECHO Clinic"
"Autism Overflow Cases",2019-02-01,"1:30 PM","4:30 PM",Completed,"ECHO Clinic"
"Autism Overflow Cases",2019-02-06,"9:30 AM","10:00 AM",Completed,"ECHO Clinic"
"Autism Overflow Cases",2019-02-07,"9:00 AM","9:30 AM",Completed,"ECHO Clinic"
Genetics/Genomics,2019-02-14,"12:00 PM","1:00 PM",Completed,"ECHO Clinic"
Genetics/Genomics,2019-05-23,"12:00 PM","1:00 PM",Completed,"ECHO Clinic"
"Asthma Care & Education ",2019-03-12,"12:00 PM","1:00 PM",Completed,"ECHO Clinic"
"Asthma Care & Education ",2019-03-26,"12:00 PM","1:00 PM",Completed,"ECHO Clinic"
"Asthma Care Accelerator",2019-03-05,"12:00 PM","1:00 PM",Completed,"ECHO Clinic"
"Asthma Care Accelerator",2019-03-19,"12:00 PM","1:00 PM",Completed,"ECHO Clinic"
Autism,2019-03-06,"11:45 AM","1:15 PM",Completed,"ECHO Clinic"
Autism,2019-03-20,"11:45 AM","1:15 PM",Completed,"ECHO Clinic"
"Child Psych",2019-03-08,"12:00 PM","1:00 PM",Completed,"ECHO Clinic"
"Child Psych",2019-03-22,"12:00 PM","1:00 PM",Completed,"ECHO Clinic"
"Community Health Worker",2019-03-19,"2:00 PM","3:00 PM",Completed,"ECHO Clinic"
Dermatology,2019-03-08,"12:00 PM","1:00 PM",Completed,"ECHO Clinic"
Dermatology,2019-03-22,"12:00 PM","1:00 PM",Completed,"ECHO Clinic"
"Healthcare Ethics",2019-03-14,"12:00 PM","1:00 PM",Completed,"ECHO Clinic"
"Hepatitis C",2019-03-01,"12:00 PM","1:00 PM",Completed,"ECHO Clinic"
"Hepatitis C",2019-03-15,"12:00 PM","1:00 PM",Completed,"ECHO Clinic"
"CROWN - High Risk OB (Rural)",2019-03-14,"12:00 PM","1:00 PM",Completed,"ECHO Clinic"
"CROWN - High Risk OB (Rural)",2019-03-28,"12:00 PM","1:00 PM",Completed,"ECHO Clinic"
"HOPE - High Risk OB (Urban)",2019-03-05,"12:00 PM","1:00 PM",Completed,"ECHO Clinic"
"HOPE - High Risk OB (Urban)",2019-03-19,"12:00 PM","1:00 PM",Completed,"ECHO Clinic"
"NAS ",2019-03-07,"12:00 PM","1:00 PM",Completed,"ECHO Clinic"
MTSS,2019-03-07,"4:00 PM","5:00 PM",Completed,"ECHO Clinic"
"NAS ",2019-03-21,"12:00 PM","1:00 PM",Completed,"ECHO Clinic"
"Opioid Use Disorder",2019-03-08,"11:45 AM","1:00 PM",Completed,"ECHO Clinic"
"Opioid Use Disorder",2019-03-22,"11:45 AM","1:00 PM",Completed,"ECHO Clinic"
"Pain Management",2019-03-07,"12:00 PM","1:00 PM",Completed,"ECHO Clinic"
"Pain Management",2019-03-21,"12:00 PM","1:00 PM",Completed,"ECHO Clinic"
"Rural Veterans Behavioral Health",2019-03-12,"12:00 PM","1:00 PM",Completed,"ECHO Clinic"
"Rural Veterans Behavioral Health",2019-03-26,"12:00 PM","1:00 PM",Completed,"ECHO Clinic"
"Autism Psychology",2019-02-27,"11:45 AM","1:15 PM",Completed,"ECHO Clinic"
"Autism Psychology",2019-03-13,"11:45 AM","1:15 PM",Completed,"ECHO Clinic"
"Oral Health",2019-03-13,"12:00 PM","1:00 PM",Completed,"ECHO Clinic"
"Autism Overflow Cases",2019-03-01,"1:30 PM","4:10 PM",Completed,"ECHO Clinic"
"Autism Overflow Cases",2019-03-22,"3:40 PM","5:00 PM",Completed,"ECHO Clinic"
Autism,2019-04-03,"11:45 AM","1:15 PM",Completed,"ECHO Clinic"
"Autism Overflow Cases",2019-04-03,"3:30 PM","5:00 PM",Completed,"ECHO Clinic"
"Asthma Care Accelerator",2019-04-02,"12:00 PM","1:00 PM",Completed,"ECHO Clinic"
"Asthma Care Accelerator",2019-04-16,"12:00 PM","1:00 PM",Completed,"ECHO Clinic"
"Asthma Care & Education ",2019-04-09,"12:00 PM","1:00 PM",Completed,"ECHO Clinic"
"Asthma Care & Education ",2019-04-23,"12:00 PM","1:00 PM",Completed,"ECHO Clinic"
"Community Health Worker",2019-04-02,"2:00 PM","3:00 PM",Completed,"ECHO Clinic"
"Autism School Psychology",2019-09-09,"2:00 PM","3:00 PM",Completed,"ECHO Clinic"
"Autism Applied Behavior Analysis ",2020-04-03,"8:15 AM","9:30 AM",Completed,"ECHO Clinic"
"ATTC - Clinical Supervision",2016-12-05,"12:00 PM","1:00 PM",Completed,"ECHO Clinic"
"Pain Management",2014-10-30,"12:00 PM","1:00 PM",Completed,Training
"Pain Management",2015-03-05,"12:00 PM","1:00 PM",Completed,"ECHO Clinic"
"Pain Management",2015-03-19,"12:00 PM","1:00 PM",Completed,"ECHO Clinic"
Asthma,2015-09-08,"12:00 PM","1:30 PM",Completed,"ECHO Clinic"
Asthma,2015-10-06,"12:00 PM","1:30 PM",Completed,"ECHO Clinic"
Asthma,2015-08-18,"12:00 PM","1:00 PM",Completed,Training
Autism,2019-04-17,"11:45 AM","1:15 PM",Completed,"ECHO Clinic"
"Child Psych",2019-04-12,"12:00 PM","1:00 PM",Completed,"ECHO Clinic"
"Child Psych",2019-04-26,"12:00 PM","1:00 PM",Completed,"ECHO Clinic"
Dermatology,2019-04-12,"12:00 PM","1:00 PM",Completed,"ECHO Clinic"
Dermatology,2019-04-26,"12:00 PM","1:00 PM",Completed,"ECHO Clinic"
"Healthcare Ethics",2019-04-11,"12:00 PM","1:00 PM",Completed,"ECHO Clinic"
"Hepatitis C",2019-04-05,"12:00 PM","1:00 PM",Completed,"ECHO Clinic"
"Hepatitis C",2019-04-19,"12:00 PM","1:00 PM",Completed,"ECHO Clinic"
"CROWN - High Risk OB (Rural)",2019-04-11,"12:00 PM","1:00 PM",Completed,"ECHO Clinic"
"CROWN - High Risk OB (Rural)",2019-04-25,"12:00 PM","1:00 PM",Completed,"ECHO Clinic"
"HOPE - High Risk OB (Urban)",2019-04-02,"12:00 PM","1:00 PM",Completed,"ECHO Clinic"
"HOPE - High Risk OB (Urban)",2019-04-16,"12:00 PM","1:00 PM",Completed,"ECHO Clinic"
HIV,2019-04-11,"12:00 PM","1:00 PM",Completed,"ECHO Clinic"
MTSS,2019-04-04,"4:00 PM","5:00 PM",Completed,"ECHO Clinic"
MTSS,2019-04-18,"4:00 PM","5:00 PM",Completed,"ECHO Clinic"
"Opioid Use Disorder",2019-04-12,"11:45 AM","1:00 PM",Completed,"ECHO Clinic"
"Opioid Use Disorder",2019-04-26,"11:45 AM","1:00 PM",Completed,"ECHO Clinic"
"Oral Health",2019-04-10,"12:00 PM","1:00 PM",Completed,"ECHO Clinic"
"Pain Management",2019-04-04,"12:00 PM","1:00 PM",Completed,"ECHO Clinic"
"Pain Management",2019-04-18,"12:00 PM","1:00 PM",Completed,"ECHO Clinic"
"Rural Veterans Behavioral Health",2019-04-23,"12:00 PM","1:00 PM",Completed,"ECHO Clinic"
"NAS ",2019-04-04,"12:00 PM","1:00 PM",Completed,"ECHO Clinic"
"NAS ",2019-04-18,"12:00 PM","1:00 PM",Completed,"ECHO Clinic"
"Rural Veterans Behavioral Health",2019-04-09,"12:00 PM","1:00 PM",Completed,"ECHO Clinic"
"Autism Psychology",2019-04-10,"11:45 AM","1:15 PM",Completed,"ECHO Clinic"
"Autism Overflow Cases",2019-04-18,"1:00 PM","2:00 PM",Completed,"ECHO Clinic"
Autism,2019-05-01,"11:45 AM","1:15 PM",Completed,"ECHO Clinic"
Autism,2019-05-15,"11:45 AM","1:15 PM",Completed,"ECHO Clinic"
"Autism Psychology",2019-04-24,"11:45 AM","1:15 PM",Completed,"ECHO Clinic"
"Autism Overflow Cases",2019-05-08,"8:20 AM","11:00 AM",Completed,"ECHO Clinic"
Asthma,2019-05-07,"12:00 PM","1:30 PM",Completed,"ECHO Clinic"
Asthma,2019-05-14,"12:00 PM","1:30 PM",Completed,"ECHO Clinic"
Asthma,2019-05-21,"12:00 PM","1:30 PM",Completed,"ECHO Clinic"
Asthma,2019-05-28,"12:00 PM","1:30 PM",Completed,"ECHO Clinic"
"Community Health Worker",2019-05-07,"2:00 PM","3:00 PM",Completed,"ECHO Clinic"
"Child Psych",2019-05-10,"12:00 PM","1:00 PM",Completed,"ECHO Clinic"
"Child Psych",2019-05-24,"12:00 PM","1:00 PM",Completed,"ECHO Clinic"
"Community Health Worker",2019-05-21,"2:00 PM","3:00 PM",Completed,"ECHO Clinic"
"CROWN - High Risk OB (Rural)",2019-05-09,"12:00 PM","1:00 PM",Completed,"ECHO Clinic"
"CROWN - High Risk OB (Rural)",2019-05-23,"12:00 PM","1:00 PM",Completed,"ECHO Clinic"
Dermatology,2019-05-03,"12:00 PM","1:00 PM",Completed,"ECHO Clinic"
Dermatology,2019-05-17,"12:00 PM","1:00 PM",Completed,"ECHO Clinic"
"Healthcare Ethics",2019-05-09,"12:00 PM","1:00 PM",Completed,"ECHO Clinic"
"Hepatitis C",2019-05-03,"12:00 PM","1:00 PM",Completed,"ECHO Clinic"
"Hepatitis C",2019-05-17,"12:00 PM","1:00 PM",Completed,"ECHO Clinic"
"HOPE - High Risk OB (Urban)",2019-05-07,"12:00 PM","1:00 PM",Completed,"ECHO Clinic"
"HOPE - High Risk OB (Urban)",2019-05-21,"12:00 PM","1:00 PM",Completed,"ECHO Clinic"
HIV,2019-05-09,"12:00 PM","1:00 PM",Completed,"ECHO Clinic"
MTSS,2019-05-02,"4:00 PM","5:00 PM",Completed,"ECHO Clinic"
"NAS ",2019-05-02,"12:00 PM","1:00 PM",Completed,"ECHO Clinic"
"NAS ",2019-05-16,"12:00 PM","1:00 PM",Completed,"ECHO Clinic"
"Opioid Use Disorder",2019-05-24,"11:45 AM","1:00 PM",Completed,"ECHO Clinic"
"Oral Health",2019-05-08,"12:00 PM","1:00 PM",Completed,"ECHO Clinic"
Asthma,2019-06-11,"12:00 PM","1:30 PM",Completed,"ECHO Clinic"
"Rural Veterans Behavioral Health",2019-05-14,"12:00 PM","1:00 PM",Completed,"ECHO Clinic"
"Rural Veterans Behavioral Health",2019-05-28,"12:00 PM","1:00 PM",Completed,"ECHO Clinic"
"Autism Overflow Cases",2019-05-22,"2:15 PM","2:45 PM",Completed,"ECHO Clinic"
"Autism Overflow Cases",2019-06-06,"2:30 PM","4:30 PM",Completed,"ECHO Clinic"
Autism,2019-06-19,"11:45 AM","1:15 PM",Completed,"ECHO Clinic"
"Community Health Worker",2019-06-04,"2:00 PM","3:00 PM",Completed,"ECHO Clinic"
Autism,2019-06-05,"11:45 AM","1:15 PM",Completed,"ECHO Clinic"
"Autism Overflow Cases",2019-06-28,"8:30 AM","11:00 AM",Completed,"ECHO Clinic"
"Kidney Disease Webinar Series",2019-06-20,"12:00 PM","1:00 PM",Completed,"ECHO Clinic"
"Kidney Disease Webinar Series",2019-07-18,"12:00 PM","1:00 PM",Completed,"ECHO Clinic"
"Kidney Disease Webinar Series",2019-09-05,"12:00 PM","1:00 PM",Completed,"ECHO Clinic"
Autism,2019-07-03,"11:45 AM","1:15 PM",Completed,"ECHO Clinic"
Autism,2019-07-17,"11:45 AM","1:15 PM",Completed,"ECHO Clinic"
Asthma,2019-06-04,"12:00 PM","1:30 PM",Completed,"ECHO Clinic"
Asthma,2019-06-18,"12:00 PM","1:30 PM",Completed,"ECHO Clinic"
Asthma,2019-06-25,"12:00 PM","1:30 PM",Completed,"ECHO Clinic"
"Community Health Worker",2019-06-18,"2:00 PM","3:00 PM",Completed,"ECHO Clinic"
"CROWN - High Risk OB (Rural)",2019-06-13,"12:00 PM","1:00 PM",Completed,"ECHO Clinic"
"CROWN - High Risk OB (Rural)",2019-06-27,"12:00 PM","1:00 PM",Completed,"ECHO Clinic"
Dermatology,2019-06-07,"12:00 PM","1:00 PM",Completed,"ECHO Clinic"
Dermatology,2019-06-21,"12:00 PM","1:00 PM",Completed,"ECHO Clinic"
"Healthcare Ethics",2019-06-13,"12:00 PM","1:00 PM",Completed,"ECHO Clinic"
"Hepatitis C",2019-06-07,"12:00 PM","1:00 PM",Completed,"ECHO Clinic"
"Hepatitis C",2019-06-21,"12:00 PM","1:00 PM",Completed,"ECHO Clinic"
HIV,2019-06-13,"12:00 PM","1:00 PM",Completed,"ECHO Clinic"
"HOPE - High Risk OB (Urban)",2019-06-04,"12:00 PM","1:00 PM",Completed,"ECHO Clinic"
"HOPE - High Risk OB (Urban)",2019-06-18,"12:00 PM","1:00 PM",Completed,"ECHO Clinic"
"NAS ",2019-06-06,"12:00 PM","1:00 PM",Completed,"ECHO Clinic"
"NAS ",2019-06-20,"12:00 PM","1:00 PM",Completed,"ECHO Clinic"
"Opioid Use Disorder",2019-06-14,"11:45 AM","1:00 PM",Completed,"ECHO Clinic"
"Oral Health",2019-06-12,"12:00 PM","1:00 PM",Completed,"ECHO Clinic"
"Rural Veterans Behavioral Health",2019-06-25,"12:00 PM","1:00 PM",Completed,"ECHO Clinic"
"Asthma Care & Education ",2019-07-16,"12:00 PM","1:00 PM",Completed,"ECHO Clinic"
"Asthma Care & Education ",2019-07-30,"12:00 PM","1:00 PM",Completed,"ECHO Clinic"
"Asthma Care Accelerator",2019-07-09,"12:00 PM","1:00 PM",Completed,"ECHO Clinic"
"Asthma Care Accelerator",2019-07-23,"12:00 PM","1:00 PM",Completed,"ECHO Clinic"
"Rural Veterans Behavioral Health",2019-07-09,"12:00 PM","1:00 PM",Completed,"ECHO Clinic"
"Rural Veterans Behavioral Health",2019-07-23,"12:00 PM","1:00 PM",Completed,"ECHO Clinic"
"HOPE - High Risk OB (Urban)",2019-07-16,"12:00 PM","1:00 PM",Completed,"ECHO Clinic"
"CROWN - High Risk OB (Rural)",2019-07-25,"12:00 PM","1:00 PM",Completed,"ECHO Clinic"
"CROWN - High Risk OB (Rural)",2019-07-11,"12:00 PM","1:00 PM",Completed,"ECHO Clinic"
"Oral Health",2019-07-10,"12:00 PM","1:00 PM",Completed,"ECHO Clinic"
"NAS ",2019-07-18,"12:00 PM","1:00 PM",Completed,"ECHO Clinic"
"Hepatitis C",2019-07-19,"12:00 PM","1:00 PM",Completed,"ECHO Clinic"
"Opioid Use Disorder",2019-07-12,"11:45 AM","1:00 PM",Completed,"ECHO Clinic"
"Opioid Use Disorder",2019-07-26,"11:45 AM","1:00 PM",Completed,"ECHO Clinic"
"Autism Psychology",2019-06-12,"11:45 AM","1:15 PM",Completed,"ECHO Clinic"
"Autism Psychology",2019-06-26,"11:45 AM","1:10 PM",Completed,"ECHO Clinic"
"Opioid Use Disorder",2019-08-09,"11:45 AM","1:00 PM",Completed,"ECHO Clinic"
"Autism Psychology",2019-07-10,"11:45 AM","12:30 PM",Completed,"ECHO Clinic"
"Autism Overflow Cases",2019-07-23,"8:30 AM","10:00 AM",Completed,"ECHO Clinic"
Autism,2019-08-07,"11:45 AM","1:15 PM",Completed,"ECHO Clinic"
Autism,2019-08-21,"11:45 AM","1:15 PM",Completed,"ECHO Clinic"
"Asthma Care & Education ",2019-08-13,"12:00 PM","1:00 PM",Completed,"ECHO Clinic"
"Asthma Care & Education ",2019-08-27,"12:00 PM","1:00 PM",Completed,"ECHO Clinic"
"Asthma Care Accelerator",2019-08-06,"12:00 PM","1:00 PM",Completed,"ECHO Clinic"
"Asthma Care Accelerator",2019-08-20,"12:00 PM","1:00 PM",Completed,"ECHO Clinic"
Dermatology,2019-08-16,"12:00 PM","1:00 PM",Completed,"ECHO Clinic"
"Developmental Disabilities",2019-08-08,"12:00 PM","1:00 PM",Completed,"ECHO Clinic"
"Developmental Disabilities",2019-08-22,"12:00 PM","1:00 PM",Completed,"ECHO Clinic"
"Kidney Disease Webinar Series",2019-08-15,"12:00 PM","1:00 PM",Completed,"ECHO Clinic"
"NAS ",2019-08-01,"12:00 PM","1:00 PM",Completed,"ECHO Clinic"
"NAS ",2019-08-15,"12:00 PM","1:00 PM",Completed,"ECHO Clinic"
"Opioid Use Disorder",2019-08-23,"11:45 AM","1:00 PM",Completed,"ECHO Clinic"
"Oral Health",2019-08-14,"12:00 PM","1:00 PM",Completed,"ECHO Clinic"
"Pain Management",2019-08-22,"12:00 PM","1:00 PM",Completed,"ECHO Clinic"
"PrEP in Family Planning",2019-08-07,"12:00 PM","1:00 PM",Completed,"ECHO Clinic"
"Autism Crisis Care",2019-10-07,"11:45 AM","1:15 PM",Completed,"ECHO Clinic"
"PrEP in Family Planning",2019-08-21,"12:00 PM","1:00 PM",Completed,"ECHO Clinic"
"PrEP in Family Planning",2019-09-04,"12:00 PM","1:00 PM",Completed,"ECHO Clinic"
"PrEP in Family Planning",2019-09-18,"12:00 PM","1:00 PM",Scheduled,"ECHO Clinic"
"Autism Psychology",2019-07-24,"11:45 AM","1:12 PM",Completed,"ECHO Clinic"
"Autism Crisis Care",2019-09-16,"11:45 AM","1:00 PM",Completed,"ECHO Clinic"
"Autism Crisis Care",2019-10-21,"11:45 AM","1:15 PM",Completed,"ECHO Clinic"
"Autism Crisis Care",2019-11-04,"11:45 AM","1:15 PM",Completed,"ECHO Clinic"
"Autism Crisis Care",2019-12-02,"11:45 AM","1:15 PM",Completed,"ECHO Clinic"
"Autism Crisis Care",2019-12-16,"11:45 AM","1:15 PM",Completed,"ECHO Clinic"
"Autism Crisis Care",2020-01-06,"11:45 AM","1:17 PM",Completed,"ECHO Clinic"
"Autism Crisis Care",2020-02-03,"11:45 AM","1:15 PM",Completed,"ECHO Clinic"
"Autism Crisis Care",2020-02-17,"11:45 AM","1:15 PM",Completed,"ECHO Clinic"
"Autism Crisis Care",2020-03-02,"11:45 AM","1:17 PM",Completed,"ECHO Clinic"
"Autism Crisis Care",2020-03-16,"11:45 AM","1:18 PM",Completed,"ECHO Clinic"
"Autism Crisis Care",2020-03-30,"11:45 AM","1:15 PM",Completed,"ECHO Clinic"
"Autism Crisis Care",2020-04-06,"11:45 AM","1:15 PM",Completed,"ECHO Clinic"
"Autism Transition to Adulthood",2019-10-22,"1:00 PM","2:00 PM",Completed,"ECHO Clinic"
"Autism Transition to Adulthood",2019-11-26,"1:00 PM","2:00 PM",Completed,"ECHO Clinic"
"Autism Transition to Adulthood",2019-11-12,"1:00 PM","2:15 PM",Completed,"ECHO Clinic"
"Autism Transition to Adulthood",2019-12-10,"1:00 PM","2:00 PM",Completed,"ECHO Clinic"
"Autism Transition to Adulthood",2020-01-14,"1:00 PM","2:00 PM",Completed,"ECHO Clinic"
"Autism Psychology",2019-10-23,"11:45 AM","1:15 PM",Completed,"ECHO Clinic"
"Autism Psychology",2019-11-13,"11:45 AM","1:15 PM",Completed,"ECHO Clinic"
"Autism Psychology",2019-11-27,"11:45 AM","1:15 PM",Completed,"ECHO Clinic"
"Autism Psychology",2019-12-11,"11:45 AM","1:15 PM",Completed,"ECHO Clinic"
"Autism Psychology",2020-01-22,"11:45 AM","1:15 PM",Completed,"ECHO Clinic"
"Autism Psychology",2020-01-08,"11:45 AM","1:15 PM",Completed,"ECHO Clinic"
"Autism Psychology",2020-02-12,"11:45 AM","1:15 PM",Scheduled,"ECHO Clinic"
"Autism Psychology",2020-02-26,"11:45 AM","1:15 PM",Scheduled,"ECHO Clinic"
"Autism Psychology",2020-03-11,"11:45 AM","1:15 PM",Scheduled,"ECHO Clinic"
"Autism School Psychology",2020-03-25,"11:45 AM","1:15 PM",Scheduled,"ECHO Clinic"
"Community Health Worker",2019-09-17,"2:00 PM","3:00 PM",Completed,"ECHO Clinic"
"Autism Psychology",2020-04-08,"11:45 AM","1:15 PM",Scheduled,"ECHO Clinic"
Asthma,2019-09-03,"12:00 PM","1:30 PM",Completed,"ECHO Clinic"
Asthma,2019-09-10,"12:00 PM","1:30 PM",Completed,"ECHO Clinic"
Asthma,2019-09-17,"12:00 PM","1:30 PM",Completed,"ECHO Clinic"
Asthma,2019-09-24,"12:00 PM","1:30 PM",Completed,"ECHO Clinic"
Autism,2019-09-04,"11:45 AM","1:15 PM",Completed,"ECHO Clinic"
Autism,2019-09-18,"11:45 AM","1:15 PM",Completed,"ECHO Clinic"
"Child Psych",2019-09-13,"12:00 PM","1:00 PM",Completed,"ECHO Clinic"
"Child Psych",2019-09-27,"12:00 PM","1:00 PM",Completed,"ECHO Clinic"
Dermatology,2019-09-06,"12:00 PM","1:00 PM",Completed,"ECHO Clinic"
Dermatology,2019-09-20,"12:00 PM","1:00 PM",Completed,"ECHO Clinic"
"Developmental Disabilities",2019-09-12,"12:00 PM","1:00 PM",Completed,"ECHO Clinic"
"Developmental Disabilities",2019-09-26,"12:00 PM","1:00 PM",Completed,"ECHO Clinic"
"Hepatitis C",2019-09-06,"12:00 PM","1:00 PM",Completed,"ECHO Clinic"
"Hepatitis C",2019-09-20,"12:00 PM","1:00 PM",Completed,"ECHO Clinic"
"CROWN - High Risk OB (Rural)",2019-09-12,"12:00 PM","1:00 PM",Completed,"ECHO Clinic"
"CROWN - High Risk OB (Rural)",2019-09-26,"12:00 PM","1:00 PM",Completed,"ECHO Clinic"
"HOPE - High Risk OB (Urban)",2019-09-03,"12:00 PM","1:00 PM",Completed,"ECHO Clinic"
"HOPE - High Risk OB (Urban)",2019-09-17,"12:00 PM","1:00 PM",Completed,"ECHO Clinic"
"NAS ",2019-09-05,"12:00 PM","1:00 PM",Completed,"ECHO Clinic"
"NAS ",2019-09-19,"12:00 PM","1:00 PM",Completed,"ECHO Clinic"
"Opioid Use Disorder",2019-09-13,"11:45 AM","1:00 PM",Completed,"ECHO Clinic"
"Opioid Use Disorder",2019-09-27,"11:45 AM","1:00 PM",Completed,"ECHO Clinic"
"Oral Health",2019-09-11,"12:00 PM","1:00 PM",Completed,"ECHO Clinic"
"Pain Management",2019-09-12,"12:00 PM","1:00 PM",Completed,"ECHO Clinic"
"SEMO Diabetes",2019-09-03,"12:00 PM","1:00 PM",Completed,"ECHO Clinic"
"SEMO Diabetes",2019-09-17,"12:00 PM","1:00 PM",Completed,"ECHO Clinic"
"Autism Overflow Cases",2019-08-16,"12:30 PM","1:30 PM",Completed,"ECHO Clinic"
"Autism Applied Behavior Analysis ",2019-09-06,"8:15 AM","9:30 AM",Completed,"ECHO Clinic"
"Autism Applied Behavior Analysis ",2019-10-04,"8:15 AM","9:30 AM",Completed,"ECHO Clinic"
"Autism Applied Behavior Analysis ",2019-11-01,"8:15 AM","9:30 AM",Completed,"ECHO Clinic"
"Autism Applied Behavior Analysis ",2019-12-06,"8:15 AM","9:30 AM",Canceled,"ECHO Clinic"
"Autism Applied Behavior Analysis ",2020-01-10,"8:15 AM","9:30 AM",Completed,"ECHO Clinic"
"Autism Applied Behavior Analysis ",2020-02-07,"8:15 AM","9:30 AM",Completed,"ECHO Clinic"
"Autism Applied Behavior Analysis ",2020-03-06,"8:15 AM","9:30 AM",Completed,"ECHO Clinic"
"Pain Management",2019-09-26,"12:00 PM","1:00 PM",Completed,"ECHO Clinic"
Asthma,2019-10-01,"12:00 PM","1:30 PM",Completed,"ECHO Clinic"
Asthma,2019-10-08,"12:00 PM","1:30 PM",Completed,"ECHO Clinic"
Asthma,2019-10-15,"12:00 PM","1:30 PM",Completed,"ECHO Clinic"
Asthma,2019-10-22,"12:00 PM","1:30 PM",Completed,"ECHO Clinic"
Autism,2019-10-02,"11:45 AM","1:15 PM",Completed,"ECHO Clinic"
Autism,2019-10-16,"11:45 AM","1:15 PM",Completed,"ECHO Clinic"
"Child Psych",2019-10-11,"12:00 PM","1:00 PM",Completed,"ECHO Clinic"
"Child Psych",2019-10-25,"12:00 PM","1:00 PM",Completed,"ECHO Clinic"
"Community Health Worker",2019-10-01,"2:00 PM","3:00 PM",Completed,"ECHO Clinic"
"Community Health Worker",2019-10-15,"2:00 PM","3:00 PM",Completed,"ECHO Clinic"
"CROWN - High Risk OB (Rural)",2019-10-10,"12:00 PM","1:00 PM",Completed,"ECHO Clinic"
"Hepatitis C",2019-10-18,"12:00 PM","1:00 PM",Completed,"ECHO Clinic"
"CROWN - High Risk OB (Rural)",2019-10-24,"12:00 PM","1:00 PM",Completed,"ECHO Clinic"
Dermatology,2019-10-04,"12:00 PM","1:00 PM",Completed,"ECHO Clinic"
Dermatology,2019-10-18,"12:00 PM","1:00 PM",Completed,"ECHO Clinic"
"Developmental Disabilities",2019-10-10,"12:00 PM","1:00 PM",Completed,"ECHO Clinic"
"Developmental Disabilities",2019-10-24,"12:00 PM","1:00 PM",Completed,"ECHO Clinic"
"Hepatitis C",2019-10-04,"12:00 PM","1:00 PM",Completed,"ECHO Clinic"
"HOPE - High Risk OB (Urban)",2019-10-01,"12:00 PM","1:00 PM",Completed,"ECHO Clinic"
"HOPE - High Risk OB (Urban)",2019-10-15,"12:00 PM","1:00 PM",Completed,"ECHO Clinic"
Hypertension,2019-10-28,"12:00 PM","1:00 PM",Completed,"ECHO Clinic"
"Kidney Disease",2019-10-03,"12:00 PM","1:00 PM",Completed,"ECHO Clinic"
"Kidney Disease",2019-10-17,"12:00 PM","1:00 PM",Completed,"ECHO Clinic"
"Opioid Use Disorder",2019-10-11,"11:45 AM","1:00 PM",Completed,"ECHO Clinic"
"NAS ",2019-10-17,"12:00 PM","1:00 PM",Completed,"ECHO Clinic"
"Opioid Use Disorder",2019-10-25,"11:45 AM","1:00 PM",Completed,"ECHO Clinic"
"Oral Health",2019-10-09,"12:00 PM","1:00 PM",Completed,"ECHO Clinic"
"Pain Management",2019-10-10,"12:00 AM","1:00 PM",Completed,"ECHO Clinic"
"Pain Management",2019-10-24,"12:00 AM","1:00 PM",Completed,"ECHO Clinic"
"SEMO Diabetes",2019-10-01,"12:00 PM","1:00 PM",Completed,"ECHO Clinic"
"SEMO Diabetes",2019-10-15,"12:00 PM","1:00 PM",Completed,"ECHO Clinic"
"Autism Overflow Cases",2019-10-04,"1:30 PM","3:30 PM",Completed,"ECHO Clinic"
"NAS ",2019-10-03,"12:00 PM","1:00 PM",Completed,"ECHO Clinic"
"Autism Overflow Cases",2019-11-01,"8:00 AM","10:00 AM",Completed,"ECHO Clinic"
"Autism School Psychology",2019-10-07,"2:00 PM","3:00 PM",Completed,"ECHO Clinic"
"Nurse Education Webinar Series",2019-10-09,"2:30 PM","3:30 PM",Completed,"ECHO Clinic"
"Nurse Education Webinar Series",2019-11-13,"2:30 PM","3:30 PM",Completed,"ECHO Clinic"
"Nurse Education Webinar Series",2019-12-11,"2:30 PM","3:30 PM",Completed,"ECHO Clinic"
"Nurse Education Webinar Series",2020-01-29,"2:30 PM","3:30 PM",Completed,"ECHO Clinic"
"Nurse Education Webinar Series",2020-02-12,"2:30 PM","3:30 PM",Completed,"ECHO Clinic"
"Nurse Education Webinar Series",2020-03-11,"2:30 PM","3:30 PM",Completed,"ECHO Clinic"
"Autism Overflow Cases",2019-10-24,"1:00 PM","1:30 PM",Completed,"ECHO Clinic"
"Trauma Informed Schools",2019-11-19,"1:30 PM","2:30 PM",Completed,"ECHO Clinic"
"SEMO Diabetes",2019-11-05,"12:00 PM","1:00 PM",Completed,"ECHO Clinic"
"SEMO Diabetes",2019-11-19,"12:00 PM","1:00 PM",Completed,"ECHO Clinic"
"Pain Management",2019-11-14,"12:00 PM","1:00 PM",Completed,"ECHO Clinic"
"Oral Health",2019-11-13,"12:00 PM","1:00 PM",Completed,"ECHO Clinic"
"Opioid Use Disorder",2019-11-08,"12:00 PM","1:00 PM",Completed,"ECHO Clinic"
"Opioid Use Disorder",2019-11-22,"12:00 PM","1:00 PM",Completed,"ECHO Clinic"
"Kidney Disease",2019-11-07,"12:00 PM","1:00 PM",Completed,"ECHO Clinic"
"Kidney Disease",2019-11-21,"12:00 PM","1:00 PM",Completed,"ECHO Clinic"
Hypertension,2019-11-11,"12:00 PM","1:00 PM",Completed,"ECHO Clinic"
Hypertension,2019-11-25,"12:00 PM","1:00 PM",Completed,"ECHO Clinic"
"HOPE - High Risk OB (Urban)",2019-11-05,"12:00 PM","1:00 PM",Completed,"ECHO Clinic"
"HOPE - High Risk OB (Urban)",2019-11-19,"12:00 PM","1:00 PM",Completed,"ECHO Clinic"
"CROWN - High Risk OB (Rural)",2019-11-14,"12:00 PM","1:00 PM",Completed,"ECHO Clinic"
"Hepatitis C",2019-11-01,"12:00 PM","1:00 PM",Completed,"ECHO Clinic"
"Hepatitis C",2019-11-15,"12:00 PM","1:00 PM",Completed,"ECHO Clinic"
"Developmental Disabilities",2019-11-14,"12:00 PM","1:00 PM",Completed,"ECHO Clinic"
Dermatology,2019-11-01,"12:00 PM","1:00 PM",Completed,"ECHO Clinic"
Dermatology,2019-11-15,"12:00 PM","1:00 PM",Completed,"ECHO Clinic"
"Community Health Worker",2019-11-05,"2:00 PM","3:00 PM",Completed,"ECHO Clinic"
"Community Health Worker",2019-11-19,"2:00 PM","3:00 PM",Completed,"ECHO Clinic"
"Child Psych",2019-11-08,"12:00 PM","1:00 PM",Completed,"ECHO Clinic"
"Child Psych",2019-11-22,"12:00 PM","1:00 PM",Completed,"ECHO Clinic"
Autism,2019-11-06,"11:45 AM","1:15 PM",Completed,"ECHO Clinic"
Autism,2019-11-20,"11:45 AM","1:15 PM",Completed,"ECHO Clinic"
"Asthma Care & Education ",2019-11-12,"12:00 PM","1:00 PM",Completed,"ECHO Clinic"
"Asthma Care & Education ",2019-11-26,"12:00 PM","1:00 PM",Completed,"ECHO Clinic"
"Autism School Psychology",2019-11-04,"2:00 PM","3:00 PM",Completed,"ECHO Clinic"
Autism,2019-12-04,"11:45 AM","1:15 PM",Completed,"ECHO Clinic"
"Autism Crisis Care",2019-11-18,"11:45 AM","1:15 PM",Completed,"ECHO Clinic"
"Nurse Education Webinar Series",2019-11-20,"2:30 PM","3:30 PM",Completed,"ECHO Clinic"
"Community Health Worker",2019-12-03,"2:00 PM","3:00 PM",Completed,"ECHO Clinic"
"Autism:  Early Intervention",2019-12-09,"11:15 AM","12:45 PM",Completed,"ECHO Clinic"
"SEMO Diabetes",2019-12-03,"12:00 PM","1:00 PM",Completed,"ECHO Clinic"
"Trauma Informed Schools",2019-12-03,"1:30 PM","2:30 PM",Completed,"ECHO Clinic"
"HOPE - High Risk OB (Urban)",2019-12-03,"12:00 PM","1:00 PM",Completed,"ECHO Clinic"
"Kidney Disease",2019-12-05,"12:00 PM","1:00 PM",Completed,"ECHO Clinic"
Dermatology,2019-12-06,"12:00 PM","1:00 PM",Completed,"ECHO Clinic"
"Hepatitis C",2019-12-06,"12:00 PM","1:00 PM",Completed,"ECHO Clinic"
"Autism Overflow Cases",2019-12-06,"11:00 AM","1:00 PM",Completed,"ECHO Clinic"
Autism,2019-12-18,"11:45 AM","1:15 PM",Completed,"ECHO Clinic"
Hypertension,2019-12-09,"12:00 PM","1:00 PM",Completed,"ECHO Clinic"
Autism,2020-01-15,"11:45 AM","1:15 PM",Completed,"ECHO Clinic"
Autism,2020-02-05,"11:45 AM","1:15 PM",Completed,"ECHO Clinic"
MTSS,2019-12-05,"4:00 PM","5:00 PM",Completed,"ECHO Clinic"
"Autism Overflow Cases",2019-12-13,"9:00 AM","9:30 AM",Completed,"ECHO Clinic"
"Developmental Disabilities",2019-12-12,"12:00 PM","1:00 PM",Completed,"ECHO Clinic"
"Oral Health",2019-12-11,"12:00 PM","1:00 PM",Completed,"ECHO Clinic"
"Autism School Psychology",2019-12-09,"2:00 PM","3:00 PM",Completed,"ECHO Clinic"
"Pain Management",2019-12-12,"12:00 PM","1:00 PM",Completed,"ECHO Clinic"
"CROWN - High Risk OB (Rural)",2019-12-12,"12:00 PM","1:00 PM",Completed,"ECHO Clinic"
"Child Psych",2019-12-13,"12:00 PM","1:00 PM",Completed,"ECHO Clinic"
"Autism: ECHO 4 ECHO Autism",2019-12-16,"2:00 PM","3:00 PM",Completed,"ECHO Clinic"
"SEMO Diabetes",2019-12-17,"12:00 PM","1:00 PM",Completed,"ECHO Clinic"
"HOPE - High Risk OB (Urban)",2019-12-17,"12:00 PM","1:00 PM",Completed,"ECHO Clinic"
"Community Health Worker",2019-12-17,"2:00 PM","3:00 PM",Completed,"ECHO Clinic"
"Kidney Disease",2019-12-19,"12:00 PM","1:00 PM",Completed,"ECHO Clinic"
"Autism: Intro to ECHO Autism",2019-12-18,"9:00 AM","10:30 AM",Completed,Education
"Hepatitis C",2019-12-20,"12:00 PM","1:00 PM",Completed,"ECHO Clinic"
Dermatology,2019-12-20,"12:00 PM","1:00 PM",Completed,"ECHO Clinic"
"Autism: Intro to ECHO Autism",2020-01-08,"2:00 PM","3:30 PM",Completed,Education
Dermatology,2020-01-03,"12:00 PM","1:00 PM",Completed,"ECHO Clinic"
"Autism: Intro to ECHO Autism",2020-01-06,"10:00 AM","11:30 AM",Completed,Education
"Autism:  Early Intervention",2020-01-13,"11:15 AM","12:45 PM",Completed,"ECHO Clinic"
"Autism:  Behavior Solutions",2020-01-06,"11:45 AM","1:00 PM",Completed,"ECHO Clinic"
"SEMO Diabetes",2020-01-07,"12:00 PM","1:00 PM",Completed,"ECHO Clinic"
Asthma,2020-01-07,"12:00 PM","1:00 PM",Completed,"ECHO Clinic"
"Community Health Worker",2020-01-07,"2:00 PM","3:00 PM",Completed,"ECHO Clinic"
"Pain Management",2020-01-09,"12:00 PM","1:00 PM",Completed,"ECHO Clinic"
"Trauma Informed Schools",2020-01-07,"1:30 PM","2:30 PM",Completed,"ECHO Clinic"
"Developmental Disabilities",2020-01-09,"12:00 PM","12:00 AM",Completed,"ECHO Clinic"
"Child Psych",2020-01-10,"12:00 PM","1:00 PM",Completed,"ECHO Clinic"
"Autism School Psychology",2020-01-13,"2:00 PM","3:00 PM",Completed,"ECHO Clinic"
"Autism Overflow Cases",2019-12-18,"9:00 AM","9:30 AM",Scheduled,"ECHO Clinic"
Asthma,2020-01-14,"12:00 PM","1:00 PM",Completed,"ECHO Clinic"
"Head Start",2020-01-15,"11:00 AM","12:00 PM",Completed,"ECHO Clinic"
"Kidney Disease",2020-01-16,"12:00 PM","1:00 PM",Completed,"ECHO Clinic"
Hypertension,2020-01-13,"12:00 PM","1:00 PM",Completed,"ECHO Clinic"
"SEMO Diabetes",2020-01-21,"12:00 PM","1:00 PM",Completed,"ECHO Clinic"
"Autism: ECHO 4 ECHO Autism",2020-01-22,"10:30 AM","11:38 AM",Completed,"ECHO Clinic"
"Trauma Informed Schools",2020-01-21,"1:30 PM","2:30 PM",Completed,"ECHO Clinic"
Asthma,2020-01-21,"12:00 PM","1:00 PM",Completed,"ECHO Clinic"
"Pain Management",2020-01-23,"12:00 PM","1:00 PM",Completed,"ECHO Clinic"
"Community Health Worker",2020-01-21,"2:00 PM","3:00 PM",Completed,"ECHO Clinic"
"Developmental Disabilities",2020-01-23,"12:00 PM","12:00 AM",Completed,"ECHO Clinic"
"Autism:  Early Intervention",2020-01-27,"11:15 AM","12:45 PM",Completed,"ECHO Clinic"
Asthma,2020-01-28,"12:00 PM","1:00 PM",Completed,"ECHO Clinic"
Hypertension,2020-01-27,"12:00 PM","1:00 PM",Completed,"ECHO Clinic"
MTSS,2020-01-30,"4:00 PM","5:00 PM",Completed,"ECHO Clinic"
"Autism:  Behavior Solutions",2020-02-03,"11:45 AM","1:00 PM",Completed,"ECHO Clinic"
"SEMO Diabetes",2020-02-04,"12:00 PM","1:00 PM",Completed,"ECHO Clinic"
"Certified Peer Specialist",2020-02-05,"11:00 AM","12:00 PM",Completed,"ECHO Clinic"
"Kidney Disease",2020-02-06,"12:00 PM","1:00 PM",Completed,"ECHO Clinic"
"Trauma Informed Schools",2020-02-04,"1:30 PM","2:30 PM",Completed,"ECHO Clinic"
"Hepatitis C",2020-02-07,"12:00 PM","1:00 PM",Completed,"ECHO Clinic"
Dermatology,2020-02-07,"12:00 PM","1:00 PM",Completed,"ECHO Clinic"
"Autism:  Early Intervention",2020-02-10,"11:15 AM","12:45 PM",Completed,"ECHO Clinic"
"Autism:  Early Intervention",2020-02-24,"11:15 AM","12:45 PM",Completed,"ECHO Clinic"
"Autism: Caregiver Skills Training ",2020-01-17,"8:30 AM","10:00 AM",Completed,"ECHO Clinic"
"Autism: Caregiver Skills Training ",2020-01-24,"8:30 AM","10:00 AM",Completed,"ECHO Clinic"
"Community Health Worker",2020-02-04,"2:00 PM","3:00 PM",Completed,"ECHO Clinic"
Asthma,2020-02-04,"12:00 PM","1:00 PM",Completed,"ECHO Clinic"
Hypertension,2020-02-10,"12:00 PM","1:00 PM",Completed,"ECHO Clinic"
"Urban Dermatology",2020-02-12,"7:00 AM","8:00 AM",Completed,"ECHO Clinic"
"Autism: ECHO 4 ECHO Autism",2020-02-12,"10:30 AM","11:30 AM",Completed,"ECHO Clinic"
"Autism: Intro to ECHO Autism",2020-02-12,"2:00 PM","3:30 PM",Completed,Education
"Oral Health",2020-02-12,"12:00 PM","1:00 PM",Completed,"ECHO Clinic"
"Pain Management",2020-02-13,"12:00 PM","1:00 PM",Completed,"ECHO Clinic"
"Developmental Disabilities",2020-02-13,"12:00 PM","12:00 AM",Completed,"ECHO Clinic"
"Opioid Use Disorder",2020-02-14,"12:00 PM","1:00 PM",Completed,"ECHO Clinic"
"Child Psych",2020-02-14,"12:00 PM","1:00 PM",Completed,"ECHO Clinic"
Asthma,2020-02-11,"12:00 PM","1:00 PM",Completed,"ECHO Clinic"
"Autism:  Behavior Solutions",2020-02-17,"11:45 AM","1:00 PM",Completed,"ECHO Clinic"
"SEMO Diabetes",2020-02-18,"12:00 PM","1:00 PM",Completed,"ECHO Clinic"
"Certified Peer Specialist",2020-02-19,"11:00 AM","12:00 PM",Completed,"ECHO Clinic"
" Autism Family Advocates",2020-03-13,"12:30 PM","1:45 PM",Completed,"ECHO Clinic"
" Autism Family Advocates",2020-03-27,"12:30 PM","1:45 PM",Completed,"ECHO Clinic"
" Autism Family Advocates",2020-04-10,"12:30 PM","1:35 PM",Completed,"ECHO Clinic"
Asthma,2020-02-18,"12:00 PM","1:00 PM",Completed,"ECHO Clinic"
"Community Health Worker",2020-02-18,"2:00 PM","3:00 PM",Completed,"ECHO Clinic"
"Trauma Informed Schools",2020-02-18,"1:30 PM","2:30 PM",Completed,"ECHO Clinic"
"Autism: Caregiver Skills Training ",2020-02-21,"8:30 AM","10:00 AM",Completed,"ECHO Clinic"
"Head Start",2020-02-19,"11:00 AM","12:00 PM",Completed,"ECHO Clinic"
"Kidney Disease",2020-02-20,"12:00 PM","1:00 PM",Completed,"ECHO Clinic"
Autism,2020-02-19,"11:45 AM","1:15 PM",Completed,"ECHO Clinic"
"Hepatitis C",2020-02-21,"12:00 PM","1:00 PM",Completed,"ECHO Clinic"
Dermatology,2020-02-21,"12:00 PM","1:00 PM",Completed,"ECHO Clinic"
Hypertension,2020-02-24,"12:00 PM","1:00 PM",Completed,"ECHO Clinic"
"Pain Management",2020-02-27,"12:00 PM","1:00 PM",Completed,"ECHO Clinic"
"Developmental Disabilities",2020-02-27,"12:00 PM","12:00 AM",Completed,"ECHO Clinic"
MTSS,2020-02-27,"4:00 PM","5:00 PM",Completed,"ECHO Clinic"
Asthma,2020-02-25,"12:00 PM","1:00 PM",Completed,"ECHO Clinic"
"Autism Caregiver Skills Training ",2020-02-28,"8:30 AM","10:00 AM",Completed,"ECHO Clinic"
"Opioid Use Disorder",2020-02-28,"12:00 PM","1:00 PM",Completed,"ECHO Clinic"
"Child Psych",2020-02-28,"12:00 PM","1:00 PM",Completed,"ECHO Clinic"
"Nurse Education Webinar Series",2020-02-26,"2:30 PM","3:30 PM",Completed,"ECHO Clinic"
"Autism:  Behavior Solutions",2020-03-02,"11:45 AM","1:00 PM",Completed,"ECHO Clinic"
"SEMO Diabetes",2020-03-03,"12:00 PM","1:00 PM",Completed,"ECHO Clinic"
"Certified Peer Specialist",2020-03-04,"11:00 AM","12:00 PM",Completed,"ECHO Clinic"
"Trauma Informed Schools",2020-03-03,"1:30 PM","2:30 PM",Completed,"ECHO Clinic"
"Autism School Psychology",2020-02-10,"2:00 PM","3:00 PM",Completed,"ECHO Clinic"
"Community Health Worker",2020-03-03,"2:00 PM","3:00 PM",Completed,"ECHO Clinic"
"Asthma Care Accelerator",2020-03-03,"12:00 PM","1:00 PM",Completed,"ECHO Clinic"
Autism,2020-03-04,"11:45 AM","1:15 PM",Completed,"ECHO Clinic"
"Kidney Disease",2020-03-05,"12:00 PM","1:00 PM",Completed,"ECHO Clinic"
"Hepatitis C",2020-03-06,"12:00 PM","1:00 PM",Completed,"ECHO Clinic"
"Autism:  Early Intervention",2020-03-09,"11:15 AM","12:45 PM",Completed,"ECHO Clinic"
"Autism School Psychology",2020-03-09,"2:00 PM","3:00 PM",Completed,"ECHO Clinic"
Dermatology,2020-03-06,"12:00 PM","1:00 PM",Completed,"ECHO Clinic"
"Autism: ECHO 4 ECHO Autism",2020-03-11,"10:30 AM","11:30 AM",Completed,"ECHO Clinic"
"Urban Dermatology",2020-03-11,"7:00 AM","8:00 AM",Completed,"ECHO Clinic"
"Asthma Care & Education ",2020-03-10,"12:00 PM","1:00 PM",Completed,"ECHO Clinic"
"Oral Health",2020-03-11,"12:00 PM","1:00 PM",Completed,"ECHO Clinic"
"Developmental Disabilities",2020-03-12,"12:00 PM","12:00 AM",Completed,"ECHO Clinic"
"Pain Management",2020-03-12,"12:00 PM","1:00 PM",Completed,"ECHO Clinic"
"Autism: Intro to ECHO Autism",2020-03-11,"2:00 PM","3:30 PM",Completed,Education
Hypertension,2020-03-09,"12:00 PM","1:00 PM",Completed,"ECHO Clinic"
"Child Psych",2020-03-13,"12:00 PM","1:00 PM",Completed,"ECHO Clinic"
"Opioid Use Disorder",2020-03-13,"12:00 PM","1:00 PM",Completed,"ECHO Clinic"
"SEMO Diabetes",2020-03-17,"12:00 PM","1:00 PM",Completed,"ECHO Clinic"
"Certified Peer Specialist",2020-03-18,"11:00 AM","12:00 PM",Completed,"ECHO Clinic"
"Asthma Care Accelerator",2020-03-17,"12:00 PM","1:00 PM",Completed,"ECHO Clinic"
"Opioid Use Disorder",2020-03-27,"12:00 PM","1:00 PM",Completed,"ECHO Clinic"
"Hepatitis C",2020-03-20,"12:00 PM","1:00 PM",Completed,"ECHO Clinic"
Autism,2020-03-18,"11:45 AM","1:15 PM",Completed,"ECHO Clinic"
"Kidney Disease",2020-03-19,"12:00 PM","1:00 PM",Completed,"ECHO Clinic"
"Asthma Care & Education ",2020-03-24,"12:00 PM","1:00 PM",Completed,"ECHO Clinic"
"Pain Management",2020-03-26,"12:00 PM","1:00 PM",Completed,"ECHO Clinic"
"Developmental Disabilities",2020-03-26,"12:00 PM","12:00 AM",Completed,"ECHO Clinic"
COVID-19,2020-03-23,"12:00 PM","1:00 PM",Completed,"ECHO Clinic"
" Autism Family Advocates",2020-03-26,"12:30 PM","1:45 AM",Completed,"ECHO Clinic"
COVID-19,2020-03-30,"12:00 PM","1:00 PM",Completed,"ECHO Clinic"
"Certified Peer Specialist",2020-04-01,"11:00 AM","12:00 PM",Completed,"ECHO Clinic"
Autism,2020-04-01,"11:45 AM","1:15 PM",Completed,"ECHO Clinic"
"Kidney Disease",2020-04-02,"12:00 PM","1:00 PM",Completed,"ECHO Clinic"
Endocrinology,2016-03-03,"12:00 PM","1:30 PM",Completed,"ECHO Clinic"
"Hepatitis C",2020-04-03,"12:00 PM","1:00 PM",Completed,"ECHO Clinic"
Dermatology,2020-04-03,"12:00 PM","1:00 PM",Completed,"ECHO Clinic"
COVID-19,2020-04-06,"12:00 PM","1:00 PM",Completed,"ECHO Clinic"
"Autism:  Behavior Solutions",2020-04-06,"11:45 AM","1:00 PM",Completed,"ECHO Clinic"
"Trauma Informed Schools",2020-04-07,"1:30 PM","2:30 PM",Completed,"ECHO Clinic"
"Urban Dermatology",2020-04-08,"7:00 AM","8:00 AM",Completed,"ECHO Clinic"
"Asthma Care & Education ",2020-04-07,"12:00 PM","1:00 PM",Completed,"ECHO Clinic"
"Community Health Worker",2020-04-07,"2:00 PM","3:00 PM",Completed,"ECHO Clinic"
"Pain Management",2020-04-09,"12:00 PM","1:00 PM",Completed,"ECHO Clinic"
"Developmental Disabilities",2020-04-08,"12:00 PM","12:00 AM",Completed,"ECHO Clinic"
"Oral Health",2020-04-08,"12:00 PM","1:00 PM",Completed,"ECHO Clinic"
"Child Psych",2020-04-10,"12:00 PM","1:00 PM",Completed,"ECHO Clinic"
"Opioid Use Disorder",2020-04-10,"12:00 PM","1:00 PM",Completed,"ECHO Clinic"
Telemedicine,2020-04-14,"9:00 AM","10:00 AM",Scheduled,"ECHO Clinic"
"Telemedicine - Behavioral Health",2020-04-15,"2:00 PM","3:00 PM",Scheduled,"ECHO Clinic"
"Certified Peer Specialist",2020-04-15,"11:00 AM","12:00 PM",Completed,"ECHO Clinic"
"Asthma Care Accelerator",2020-04-14,"12:00 PM","1:00 PM",Completed,"ECHO Clinic"
"Kidney Disease",2020-04-16,"12:00 PM","1:00 PM",Completed,"ECHO Clinic"
Autism,2020-04-15,"11:45 AM","1:15 PM",Completed,"ECHO Clinic"
"Head Start",2020-04-15,"11:00 AM","12:00 PM",Completed,"ECHO Clinic"
COVID-19,2020-04-13,"12:00 PM","1:00 PM",Completed,"ECHO Clinic"
Asthma,2016-01-05,"12:00 PM","1:30 PM",Completed,"ECHO Clinic"
Dermatology,2016-01-15,"12:00 PM","1:00 PM",Completed,"ECHO Clinic"
Asthma,2016-01-19,"12:00 PM","1:30 PM",Completed,"ECHO Clinic"
Asthma,2016-01-12,"12:00 PM","1:30 PM",Completed,"ECHO Clinic"
Asthma,2016-01-26,"12:00 PM","1:30 PM",Completed,"ECHO Clinic"
Autism,2016-01-06,"11:45 AM","1:15 PM",Completed,"ECHO Clinic"
Autism,2016-01-20,"11:45 AM","1:15 PM",Completed,"ECHO Clinic"
Dermatology,2016-01-22,"12:00 PM","1:00 PM",Completed,"ECHO Clinic"
Dermatology,2016-01-29,"12:00 PM","1:00 PM",Completed,"ECHO Clinic"
"Pain Management",2016-01-21,"12:00 PM","1:00 PM",Completed,"ECHO Clinic"
"Hepatitis C",2016-01-20,"1:30 PM","3:00 PM",Completed,"ECHO Clinic"
"Hepatitis C",2016-01-27,"1:30 PM","3:00 PM",Completed,"ECHO Clinic"
Asthma,2016-02-02,"12:00 PM","1:30 PM",Completed,"ECHO Clinic"
Autism,2016-02-03,"11:45 AM","1:15 PM",Completed,"ECHO Clinic"
"Hepatitis C",2016-02-03,"1:30 PM","3:00 PM",Completed,"ECHO Clinic"
"Pain Management",2016-02-04,"12:00 PM","1:00 PM",Completed,"ECHO Clinic"
Asthma,2016-02-09,"12:00 AM","1:30 PM",Completed,"ECHO Clinic"
Dermatology,2016-02-12,"12:00 PM","1:00 PM",Completed,"ECHO Clinic"
Asthma,2016-02-16,"12:00 PM","1:30 PM",Completed,"ECHO Clinic"
Autism,2016-02-17,"11:45 AM","1:15 PM",Completed,"ECHO Clinic"
"Pain Management",2016-02-18,"12:00 PM","1:00 PM",Completed,"ECHO Clinic"
Asthma,2016-02-23,"12:00 PM","1:30 PM",Completed,"ECHO Clinic"
"Hepatitis C",2016-02-24,"1:30 PM","3:00 PM",Completed,"ECHO Clinic"
Dermatology,2016-02-26,"12:00 PM","1:00 PM",Completed,"ECHO Clinic"
Autism,2016-03-02,"11:45 AM","1:15 PM",Completed,"ECHO Clinic"
Autism,2016-03-16,"11:45 AM","1:15 PM",Completed,"ECHO Clinic"
"Pain Management",2016-03-03,"12:00 PM","1:00 PM",Completed,"ECHO Clinic"
"Pain Management",2016-03-17,"12:00 PM","1:00 PM",Completed,"ECHO Clinic"
"Pain Management",2016-03-31,"12:00 PM","1:00 PM",Completed,"ECHO Clinic"
Endocrinology,2016-03-10,"12:00 PM","1:30 PM",Completed,"ECHO Clinic"
Endocrinology,2016-03-17,"12:00 PM","1:30 PM",Completed,"ECHO Clinic"
Endocrinology,2016-03-24,"12:00 PM","1:30 PM",Completed,"ECHO Clinic"
Endocrinology,2016-03-31,"12:00 PM","1:30 PM",Completed,"ECHO Clinic"
Autism,2016-04-06,"11:45 AM","1:15 PM",Completed,"ECHO Clinic"
Dermatology,2016-03-11,"12:00 PM","1:00 PM",Completed,"ECHO Clinic"
Dermatology,2016-03-18,"12:00 PM","1:00 PM",Completed,"ECHO Clinic"
Dermatology,2016-03-25,"12:00 PM","1:00 PM",Completed,"ECHO Clinic"
"Hepatitis C",2016-03-23,"1:30 PM","3:00 PM",Completed,"ECHO Clinic"
Dermatology,2016-04-08,"12:00 PM","1:00 PM",Completed,"ECHO Clinic"
"Hepatitis C",2016-05-04,"1:30 PM","3:00 PM",Completed,"ECHO Clinic"
Dermatology,2016-04-22,"12:00 PM","1:00 PM",Completed,"ECHO Clinic"
Autism,2016-04-20,"11:45 AM","1:15 PM",Completed,"ECHO Clinic"
Endocrinology,2016-04-07,"12:00 PM","1:30 PM",Completed,"ECHO Clinic"
Endocrinology,2016-04-14,"12:00 PM","1:30 PM",Completed,"ECHO Clinic"
Endocrinology,2016-04-21,"12:00 PM","1:30 PM",Completed,"ECHO Clinic"
Endocrinology,2016-04-28,"12:00 PM","1:30 PM",Completed,"ECHO Clinic"
"Pain Management",2016-04-14,"12:00 PM","1:00 PM",Completed,"ECHO Clinic"
"Pain Management",2016-04-28,"12:00 PM","1:00 PM",Completed,"ECHO Clinic"
"Hepatitis C",2016-04-20,"1:30 PM","3:00 PM",Completed,"ECHO Clinic"
Autism,2016-05-04,"11:45 AM","1:15 PM",Completed,"ECHO Clinic"
Autism,2016-05-18,"11:45 AM","1:15 PM",Completed,"ECHO Clinic"
"Hepatitis C",2016-05-18,"1:30 PM","3:00 PM",Completed,"ECHO Clinic"
"Pain Management",2016-05-12,"12:00 PM","1:00 PM",Completed,"ECHO Clinic"
"Pain Management",2016-05-26,"12:00 PM","1:00 PM",Completed,"ECHO Clinic"
Endocrinology,2016-05-05,"12:00 PM","1:30 PM",Completed,"ECHO Clinic"
Endocrinology,2016-05-12,"12:00 PM","1:30 PM",Completed,"ECHO Clinic"
Endocrinology,2016-05-19,"12:00 PM","1:30 PM",Completed,"ECHO Clinic"
Endocrinology,2016-05-26,"12:00 PM","1:30 PM",Completed,"ECHO Clinic"
Asthma,2016-05-10,"12:00 PM","1:30 PM",Completed,"ECHO Clinic"
Asthma,2016-05-17,"12:00 PM","1:30 PM",Completed,"ECHO Clinic"
Asthma,2016-05-24,"12:00 PM","1:30 PM",Completed,"ECHO Clinic"
Asthma,2016-05-31,"12:00 PM","1:30 PM",Completed,"ECHO Clinic"
Dermatology,2016-05-06,"12:00 PM","1:00 PM",Completed,"ECHO Clinic"
Dermatology,2016-05-13,"12:00 PM","1:00 PM",Completed,"ECHO Clinic"
Dermatology,2016-05-20,"12:00 PM","1:00 PM",Completed,"ECHO Clinic"
Dermatology,2016-05-27,"12:00 PM","1:00 PM",Completed,"ECHO Clinic"
Asthma,2016-06-07,"12:00 PM","1:30 PM",Completed,"ECHO Clinic"
Asthma,2016-06-14,"12:00 PM","1:30 PM",Completed,"ECHO Clinic"
Asthma,2016-06-21,"12:00 PM","1:30 PM",Completed,"ECHO Clinic"
Asthma,2016-06-28,"12:00 PM","1:30 PM",Completed,"ECHO Clinic"
Autism,2016-06-01,"11:45 AM","1:15 PM",Completed,"ECHO Clinic"
"Pain Management",2016-06-09,"12:00 PM","1:00 PM",Completed,"ECHO Clinic"
Dermatology,2016-06-17,"12:00 PM","1:00 PM",Completed,"ECHO Clinic"
"Pain Management",2016-06-23,"12:00 PM","1:00 PM",Completed,"ECHO Clinic"
"Hepatitis C",2016-06-29,"1:30 PM","3:00 PM",Completed,"ECHO Clinic"
Dermatology,2016-06-03,"12:00 PM","1:00 PM",Completed,"ECHO Clinic"
Dermatology,2016-07-08,"12:00 PM","1:00 PM",Completed,"ECHO Clinic"
Dermatology,2016-07-22,"12:00 PM","1:00 PM",Completed,"ECHO Clinic"
Dermatology,2016-07-29,"12:00 PM","1:00 PM",Completed,"ECHO Clinic"
Autism,2016-07-06,"11:45 AM","1:15 PM",Completed,"ECHO Clinic"
Autism,2016-07-20,"11:45 AM","1:15 PM",Completed,"ECHO Clinic"
Dermatology,2016-07-15,"12:00 PM","1:00 PM",Completed,"ECHO Clinic"
"Pain Management",2016-08-18,"12:00 PM","1:00 PM",Completed,"ECHO Clinic"
Autism,2016-08-03,"11:45 AM","1:15 PM",Completed,"ECHO Clinic"
Autism,2016-08-17,"11:45 AM","1:15 PM",Completed,"ECHO Clinic"
Dermatology,2016-08-05,"12:00 PM","1:00 PM",Completed,"ECHO Clinic"
Dermatology,2016-08-19,"12:00 PM","1:00 PM",Completed,"ECHO Clinic"
Dermatology,2016-08-26,"12:00 PM","1:00 PM",Completed,"ECHO Clinic"
Autism,2016-09-07,"11:45 AM","1:15 PM",Completed,"ECHO Clinic"
Autism,2016-09-21,"11:45 AM","1:15 PM",Completed,"ECHO Clinic"
Asthma,2016-09-13,"12:00 PM","1:30 PM",Completed,"ECHO Clinic"
Asthma,2016-09-06,"12:00 PM","1:30 PM",Completed,"ECHO Clinic"
Asthma,2016-09-20,"12:00 PM","1:30 PM",Completed,"ECHO Clinic"
Asthma,2016-09-27,"12:00 PM","1:30 PM",Completed,"ECHO Clinic"
Endocrinology,2016-09-06,"12:00 PM","1:00 PM",Completed,"ECHO Clinic"
Endocrinology,2016-09-13,"12:00 PM","1:00 PM",Completed,"ECHO Clinic"
Endocrinology,2016-09-20,"12:00 PM","1:00 PM",Completed,"ECHO Clinic"
Endocrinology,2016-09-27,"12:00 PM","1:00 PM",Completed,"ECHO Clinic"
"Pain Management",2016-09-01,"12:00 PM","1:00 PM",Completed,"ECHO Clinic"
"Pain Management",2016-09-15,"12:00 PM","1:00 PM",Completed,"ECHO Clinic"
Dermatology,2016-09-02,"12:00 PM","1:00 PM",Completed,"ECHO Clinic"
Dermatology,2016-09-09,"12:00 PM","1:00 PM",Completed,"ECHO Clinic"
Dermatology,2016-09-16,"12:00 PM","1:00 PM",Completed,"ECHO Clinic"
Dermatology,2016-09-30,"12:00 PM","1:00 PM",Completed,"ECHO Clinic"
"Pain Management",2016-09-29,"12:00 PM","1:00 PM",Completed,"ECHO Clinic"
Asthma,2016-10-04,"12:00 PM","1:30 PM",Completed,"ECHO Clinic"
Asthma,2016-10-11,"12:00 PM","1:30 PM",Completed,"ECHO Clinic"
Asthma,2016-10-18,"12:00 PM","1:30 PM",Completed,"ECHO Clinic"
Asthma,2016-10-25,"12:00 PM","1:30 PM",Completed,"ECHO Clinic"
Autism,2016-10-19,"11:45 AM","1:15 PM",Completed,"ECHO Clinic"
Endocrinology,2016-10-04,"12:00 PM","1:00 PM",Completed,"ECHO Clinic"
Endocrinology,2016-10-11,"12:00 PM","1:00 PM",Completed,"ECHO Clinic"
Endocrinology,2016-10-18,"12:00 PM","1:00 PM",Completed,"ECHO Clinic"
Endocrinology,2016-10-25,"12:00 PM","1:00 PM",Completed,"ECHO Clinic"
"Pain Management",2016-10-06,"12:00 PM","1:00 PM",Completed,"ECHO Clinic"
"Pain Management",2016-10-20,"12:00 PM","1:00 PM",Completed,"ECHO Clinic"
Dermatology,2016-10-07,"12:00 PM","1:00 PM",Completed,"ECHO Clinic"
Dermatology,2016-10-14,"12:00 PM","1:00 PM",Completed,"ECHO Clinic"
Dermatology,2016-10-28,"12:00 PM","1:00 PM",Completed,"ECHO Clinic"
Endocrinology,2016-11-01,"12:00 PM","1:00 PM",Completed,"ECHO Clinic"
Endocrinology,2016-11-08,"12:00 PM","1:00 PM",Completed,"ECHO Clinic"
Endocrinology,2016-11-15,"12:00 PM","1:00 PM",Completed,"ECHO Clinic"
Endocrinology,2016-11-22,"12:00 PM","1:00 PM",Completed,"ECHO Clinic"
Endocrinology,2016-11-29,"12:00 PM","1:00 PM",Completed,"ECHO Clinic"
Dermatology,2016-11-18,"12:00 PM","1:00 PM",Completed,"ECHO Clinic"
Autism,2016-11-02,"11:45 AM","1:15 PM",Completed,"ECHO Clinic"
Autism,2016-11-16,"11:45 AM","1:15 PM",Completed,"ECHO Clinic"
"Pain Management",2016-11-03,"12:00 PM","1:00 PM",Completed,"ECHO Clinic"
"Pain Management",2016-11-17,"12:00 PM","1:00 PM",Completed,"ECHO Clinic"
Dermatology,2016-11-04,"12:00 PM","1:00 PM",Completed,"ECHO Clinic"
Dermatology,2016-11-11,"12:00 PM","1:00 PM",Completed,"ECHO Clinic"
"Pain Management",2016-12-01,"12:00 PM","1:00 PM",Completed,"ECHO Clinic"
"Pain Management",2016-12-15,"12:00 PM","1:00 PM",Completed,"ECHO Clinic"
Dermatology,2016-12-02,"12:00 PM","1:00 PM",Completed,"ECHO Clinic"
Dermatology,2016-12-16,"12:00 PM","1:00 PM",Completed,"ECHO Clinic"
"Hepatitis C",2016-12-02,"12:00 PM","1:00 PM",Completed,"ECHO Clinic"
"Hepatitis C",2016-12-16,"12:00 PM","1:00 PM",Completed,"ECHO Clinic"
Endocrinology,2016-12-06,"12:00 PM","1:00 PM",Completed,"ECHO Clinic"
Endocrinology,2016-12-13,"12:00 PM","1:00 PM",Completed,"ECHO Clinic"
Autism,2016-12-07,"11:45 AM","1:15 PM",Completed,"ECHO Clinic"
Asthma,2017-02-14,"12:00 PM","1:30 PM",Completed,"ECHO Clinic"
Autism,2016-12-21,"11:45 AM","1:15 PM",Completed,"ECHO Clinic"
Asthma,2017-01-10,"12:00 PM","1:30 PM",Completed,"ECHO Clinic"
Asthma,2017-01-17,"12:00 PM","1:30 PM",Completed,"ECHO Clinic"
Asthma,2017-01-24,"12:00 PM","1:30 PM",Completed,"ECHO Clinic"
Autism,2017-01-04,"11:45 AM","1:15 PM",Completed,"ECHO Clinic"
Autism,2017-01-18,"11:45 AM","1:15 PM",Completed,"ECHO Clinic"
"Pain Management",2017-01-12,"12:00 PM","1:00 PM",Completed,"ECHO Clinic"
"Pain Management",2017-01-26,"12:00 PM","1:00 PM",Completed,"ECHO Clinic"
Dermatology,2017-01-06,"12:00 PM","1:00 PM",Completed,"ECHO Clinic"
Dermatology,2017-01-13,"12:00 PM","1:00 PM",Completed,"ECHO Clinic"
Dermatology,2017-01-20,"12:00 PM","1:00 PM",Completed,"ECHO Clinic"
Dermatology,2017-01-27,"12:00 PM","1:00 PM",Completed,"ECHO Clinic"
"Hepatitis C",2017-01-06,"12:00 PM","1:00 PM",Completed,"ECHO Clinic"
"Hepatitis C",2017-01-20,"12:00 PM","1:00 PM",Completed,"ECHO Clinic"
Asthma,2017-02-07,"12:00 PM","1:30 PM",Completed,"ECHO Clinic"
Asthma,2017-02-21,"12:00 PM","1:30 PM",Completed,"ECHO Clinic"
Asthma,2017-02-28,"12:00 PM","1:30 PM",Completed,"ECHO Clinic"
Autism,2017-02-01,"11:45 AM","1:15 PM",Completed,"ECHO Clinic"
Autism,2017-02-15,"11:45 AM","1:15 PM",Completed,"ECHO Clinic"
"Pain Management",2017-02-23,"12:00 PM","1:00 PM",Completed,"ECHO Clinic"
"Pain Management",2017-02-09,"12:00 PM","1:00 PM",Completed,"ECHO Clinic"
Dermatology,2017-02-03,"12:00 PM","1:00 PM",Completed,"ECHO Clinic"
Dermatology,2017-02-10,"12:00 PM","1:00 PM",Completed,"ECHO Clinic"
Dermatology,2017-02-17,"12:00 PM","1:00 PM",Completed,"ECHO Clinic"
Dermatology,2017-02-24,"12:00 PM","1:00 PM",Completed,"ECHO Clinic"
"Hepatitis C",2017-02-03,"12:00 PM","1:00 PM",Completed,"ECHO Clinic"
"Hepatitis C",2017-02-17,"12:00 PM","1:00 PM",Completed,"ECHO Clinic"
Asthma,2017-01-31,"12:00 PM","1:30 PM",Completed,"ECHO Clinic"
"ATTC - Clinical Supervision",2016-09-26,"12:00 PM","1:00 PM",Completed,"ECHO Clinic"
"ATTC - Clinical Supervision",2016-10-17,"12:00 PM","1:00 PM",Completed,"ECHO Clinic"
"ATTC - Clinical Supervision",2016-10-31,"12:00 PM","1:00 PM",Completed,"ECHO Clinic"
"ATTC - Clinical Supervision",2016-11-14,"12:00 PM","1:00 PM",Completed,"ECHO Clinic"
"ATTC - Clinical Supervision",2016-12-12,"12:00 PM","12:00 PM",Completed,"ECHO Clinic"
"ATTC - Clinical Supervision",2017-01-09,"12:00 PM","1:00 PM",Completed,"ECHO Clinic"
"ATTC - Clinical Supervision",2017-01-23,"12:00 PM","12:00 PM",Completed,"ECHO Clinic"
"ATTC - COE PPW",2017-02-22,"11:00 AM","12:00 PM",Completed,"ECHO Clinic"
Autism,2017-03-01,"11:45 AM","1:15 PM",Completed,"ECHO Clinic"
"Pain Management",2017-03-09,"12:00 PM","1:00 PM",Completed,"ECHO Clinic"
"Pain Management",2017-03-23,"12:00 PM","1:00 PM",Completed,"ECHO Clinic"
Dermatology,2017-03-10,"12:00 PM","1:00 PM",Completed,"ECHO Clinic"
Dermatology,2017-03-17,"12:00 PM","1:00 PM",Completed,"ECHO Clinic"
Dermatology,2017-03-24,"12:00 PM","1:00 PM",Completed,"ECHO Clinic"
"Hepatitis C",2017-03-03,"12:00 PM","1:00 PM",Completed,"ECHO Clinic"
"Hepatitis C",2017-03-17,"12:00 PM","1:00 PM",Completed,"ECHO Clinic"
"ATTC - COE PPW",2017-03-07,"11:00 AM","12:00 PM",Completed,"ECHO Clinic"
Autism,2017-04-05,"11:45 AM","1:15 PM",Completed,"ECHO Clinic"
Autism,2017-04-19,"11:45 AM","1:15 PM",Completed,"ECHO Clinic"
"Pain Management",2017-04-06,"12:00 PM","1:00 PM",Completed,"ECHO Clinic"
"Pain Management",2017-04-20,"12:00 PM","1:00 PM",Completed,"ECHO Clinic"
Dermatology,2017-04-07,"12:00 PM","1:00 PM",Completed,"ECHO Clinic"
Dermatology,2017-04-14,"12:00 PM","1:00 PM",Completed,"ECHO Clinic"
Dermatology,2017-04-28,"12:00 PM","1:00 PM",Completed,"ECHO Clinic"
"Hepatitis C",2017-04-07,"12:00 PM","1:00 PM",Completed,"ECHO Clinic"
"ATTC - COE PPW",2017-03-21,"11:00 AM","12:00 PM",Completed,"ECHO Clinic"
"ATTC - COE PPW",2017-04-04,"11:00 AM","12:00 PM",Completed,"ECHO Clinic"
"ATTC - COE PPW",2017-04-18,"11:00 AM","12:00 PM",Completed,"ECHO Clinic"
Asthma,2017-05-09,"12:00 PM","1:30 PM",Completed,"ECHO Clinic"
"Hepatitis C",2017-05-19,"12:00 PM","1:00 PM",Completed,"ECHO Clinic"
Asthma,2017-05-16,"12:00 PM","1:30 PM",Completed,"ECHO Clinic"
Asthma,2017-05-23,"12:00 PM","1:30 PM",Completed,"ECHO Clinic"
Asthma,2017-05-30,"12:00 PM","1:30 PM",Completed,"ECHO Clinic"
Autism,2017-05-03,"11:45 AM","1:15 PM",Completed,"ECHO Clinic"
Autism,2017-05-17,"11:45 AM","1:15 PM",Completed,"ECHO Clinic"
"Pain Management",2017-05-04,"12:00 PM","1:00 PM",Completed,"ECHO Clinic"
"Pain Management",2017-05-18,"12:00 PM","1:00 PM",Completed,"ECHO Clinic"
"Child Psych",2017-05-12,"12:00 PM","1:00 PM",Completed,"ECHO Clinic"
"Child Psych",2017-05-26,"12:00 PM","1:00 PM",Completed,"ECHO Clinic"
Dermatology,2017-05-05,"12:00 PM","1:00 PM",Completed,"ECHO Clinic"
Dermatology,2017-05-12,"12:00 PM","1:00 PM",Completed,"ECHO Clinic"
Dermatology,2017-05-19,"12:00 PM","1:00 PM",Completed,"ECHO Clinic"
"Hepatitis C",2017-05-05,"12:00 PM","1:00 PM",Completed,"ECHO Clinic"
"ATTC - COE PPW",2017-05-02,"11:00 AM","12:00 PM",Completed,"ECHO Clinic"
"ATTC - COE PPW",2017-05-16,"11:00 AM","12:00 PM",Completed,"ECHO Clinic"
Asthma,2017-06-06,"12:00 PM","1:30 PM",Completed,"ECHO Clinic"
Asthma,2017-06-13,"12:00 PM","1:30 PM",Completed,"ECHO Clinic"
Asthma,2017-06-20,"12:00 PM","1:30 PM",Completed,"ECHO Clinic"
Asthma,2017-06-27,"12:00 PM","1:30 PM",Completed,"ECHO Clinic"
Autism,2017-06-07,"11:45 AM","1:15 PM",Completed,"ECHO Clinic"
Autism,2017-06-21,"11:45 AM","1:15 PM",Completed,"ECHO Clinic"
"Pain Management",2017-06-01,"12:00 PM","1:00 PM",Completed,"ECHO Clinic"
"Pain Management",2017-06-15,"12:00 PM","1:00 PM",Completed,"ECHO Clinic"
"Pain Management",2017-06-29,"12:00 PM","1:00 PM",Completed,"ECHO Clinic"
"Child Psych",2017-06-09,"12:00 PM","1:00 PM",Completed,"ECHO Clinic"
"Child Psych",2017-06-23,"12:00 PM","1:00 PM",Completed,"ECHO Clinic"
Dermatology,2017-06-02,"12:00 PM","1:00 PM",Completed,"ECHO Clinic"
Autism,2017-07-19,"11:45 AM","1:15 PM",Completed,"ECHO Clinic"
Dermatology,2017-06-09,"12:00 PM","1:00 PM",Completed,"ECHO Clinic"
Dermatology,2017-06-16,"12:00 PM","1:00 PM",Completed,"ECHO Clinic"
Dermatology,2017-06-23,"12:00 PM","1:00 PM",Completed,"ECHO Clinic"
"Hepatitis C",2017-06-02,"12:00 PM","1:00 PM",Completed,"ECHO Clinic"
"Hepatitis C",2017-06-16,"12:00 PM","1:00 PM",Completed,"ECHO Clinic"
"ATTC - COE PPW",2017-06-06,"11:00 AM","12:00 PM",Completed,"ECHO Clinic"
"ATTC - COE PPW",2017-06-20,"11:00 AM","12:00 PM",Completed,"ECHO Clinic"
"Healthcare Ethics",2017-07-13,"11:00 AM","12:00 PM",Completed,"ECHO Clinic"
"Child Psych",2017-07-14,"12:00 PM","1:00 PM",Completed,"ECHO Clinic"
"Child Psych",2017-07-28,"12:00 PM","1:00 PM",Completed,"ECHO Clinic"
Dermatology,2017-07-07,"12:00 PM","1:00 PM",Completed,"ECHO Clinic"
Dermatology,2017-07-14,"12:00 PM","1:00 PM",Completed,"ECHO Clinic"
Dermatology,2017-07-21,"12:00 PM","1:00 PM",Completed,"ECHO Clinic"
Autism,2017-08-02,"11:45 AM","1:15 PM",Completed,"ECHO Clinic"
Autism,2017-08-16,"11:45 AM","1:15 PM",Completed,"ECHO Clinic"
"Child Psych",2017-08-11,"12:00 PM","1:00 PM",Completed,"ECHO Clinic"
"Child Psych",2017-08-25,"12:00 PM","1:00 PM",Completed,"ECHO Clinic"
"Healthcare Ethics",2017-08-10,"11:00 AM","12:00 PM",Completed,"ECHO Clinic"
Dermatology,2017-08-04,"12:00 PM","1:00 PM",Completed,"ECHO Clinic"
Dermatology,2017-08-18,"12:00 PM","1:00 PM",Completed,"ECHO Clinic"
Dermatology,2017-08-11,"12:00 PM","1:00 PM",Completed,"ECHO Clinic"
Dermatology,2017-08-25,"12:00 PM","1:00 PM",Completed,"ECHO Clinic"
"Autism Overflow Cases",2017-07-28,"12:00 PM","1:30 PM",Completed,"ECHO Clinic"
"Autism Overflow Cases",2017-08-11,"12:00 PM","1:30 PM",Completed,"ECHO Clinic"
"Autism Overflow Cases",2017-08-04,"12:00 PM","1:30 PM",Completed,"ECHO Clinic"
"Autism Overflow Cases",2017-08-18,"12:00 PM","1:30 PM",Completed,"ECHO Clinic"
"Autism Overflow Cases",2017-09-22,"12:00 PM","1:30 PM",Completed,"ECHO Clinic"
"ATTC - COE PPW",2017-07-18,"11:00 AM","12:00 PM",Completed,"ECHO Clinic"
"ATTC - Clinical Supervision",2017-02-06,"12:00 PM","1:00 PM",Scheduled,"ECHO Clinic"
"ATTC - COE PPW",2017-08-01,"11:00 AM","12:00 PM",Completed,"ECHO Clinic"
"ATTC - Clinical Supervision",2017-02-27,"12:00 PM","1:00 PM",Scheduled,"ECHO Clinic"
"ATTC - Clinical Supervision",2017-03-13,"12:00 PM","1:00 PM",Scheduled,"ECHO Clinic"
"Autism School Psychology",2017-09-11,"11:00 AM","12:00 PM",Completed,"ECHO Clinic"
"ATTC - COE PPW",2017-08-15,"11:00 AM","12:02 PM",Completed,"ECHO Clinic"
"Autism School Psychology",2017-10-02,"11:00 AM","12:00 PM",Completed,"ECHO Clinic"
"Autism School Psychology",2017-11-06,"11:00 AM","12:00 PM",Completed,"ECHO Clinic"
"Autism School Psychology",2017-12-11,"11:00 AM","12:00 PM",Completed,"ECHO Clinic"
"Autism Applied Behavior Analysis ",2017-09-01,"8:30 AM","9:30 AM",Completed,"ECHO Clinic"
Asthma,2017-09-26,"12:00 PM","1:30 PM",Completed,"ECHO Clinic"
"Autism Applied Behavior Analysis ",2017-10-06,"8:30 AM","9:30 AM",Completed,"ECHO Clinic"
"Autism Applied Behavior Analysis ",2017-11-03,"8:30 AM","9:30 AM",Completed,"ECHO Clinic"
"Autism Applied Behavior Analysis ",2017-12-01,"8:30 AM","9:30 AM",Completed,"ECHO Clinic"
Autism,2017-09-06,"11:46 AM","1:15 PM",Completed,"ECHO Clinic"
Autism,2017-09-20,"11:45 AM","1:15 PM",Completed,"ECHO Clinic"
Asthma,2017-09-05,"12:00 PM","1:30 PM",Completed,"ECHO Clinic"
Asthma,2017-09-12,"12:00 PM","1:30 PM",Completed,"ECHO Clinic"
Asthma,2017-09-19,"12:00 PM","1:30 PM",Completed,"ECHO Clinic"
"Child Psych",2017-09-08,"12:00 PM","1:00 PM",Completed,"ECHO Clinic"
"Child Psych",2017-09-22,"12:00 PM","1:00 PM",Completed,"ECHO Clinic"
"Pain Management",2017-09-07,"12:00 PM","1:00 PM",Completed,"ECHO Clinic"
"Pain Management",2017-09-21,"12:00 PM","1:00 PM",Completed,"ECHO Clinic"
Dermatology,2017-09-08,"12:00 PM","1:00 PM",Completed,"ECHO Clinic"
Dermatology,2017-09-22,"12:00 PM","1:00 PM",Completed,"ECHO Clinic"
Dermatology,2017-09-29,"12:00 PM","1:00 PM",Completed,"ECHO Clinic"
"Hepatitis C",2017-09-01,"12:00 PM","1:00 PM",Completed,"ECHO Clinic"
"Hepatitis C",2017-09-15,"12:00 PM","1:00 PM",Completed,"ECHO Clinic"
"Healthcare Ethics",2017-09-14,"11:00 AM","12:00 PM",Completed,"ECHO Clinic"
"Opioid Use Disorder",2017-09-08,"11:45 AM","1:00 PM",Completed,"ECHO Clinic"
"Opioid Use Disorder",2017-09-29,"11:45 AM","1:00 PM",Completed,"ECHO Clinic"
"Autism Overflow Cases",2017-06-26,"12:00 PM","1:30 PM",Completed,"ECHO Clinic"
Asthma,2017-10-03,"12:00 PM","1:30 PM",Completed,"ECHO Clinic"
Asthma,2017-10-10,"12:00 PM","1:30 PM",Completed,"ECHO Clinic"
Asthma,2017-10-17,"12:00 PM","1:30 PM",Completed,"ECHO Clinic"
Asthma,2017-10-24,"12:00 PM","1:30 PM",Completed,"ECHO Clinic"
Autism,2017-10-04,"11:45 AM","1:15 PM",Completed,"ECHO Clinic"
Autism,2017-10-18,"11:45 AM","1:15 PM",Completed,"ECHO Clinic"
"Pain Management",2017-10-05,"12:00 PM","1:00 PM",Completed,"ECHO Clinic"
"Pain Management",2017-10-19,"12:00 PM","1:00 PM",Completed,"ECHO Clinic"
"Hepatitis C",2017-10-06,"12:00 PM","1:00 PM",Completed,"ECHO Clinic"
"Child Psych",2017-10-13,"12:00 PM","1:00 PM",Completed,"ECHO Clinic"
Dermatology,2017-10-06,"12:00 PM","1:00 PM",Completed,"ECHO Clinic"
Dermatology,2017-10-20,"12:00 PM","1:00 PM",Completed,"ECHO Clinic"
Dermatology,2017-10-27,"12:00 PM","1:00 PM",Completed,"ECHO Clinic"
"Healthcare Ethics",2017-10-12,"11:00 AM","12:00 PM",Completed,"ECHO Clinic"
"Opioid Use Disorder",2017-10-13,"11:45 AM","1:00 PM",Completed,"ECHO Clinic"
"Opioid Use Disorder",2017-10-27,"11:45 AM","1:00 PM",Completed,"ECHO Clinic"
"Autism Overflow Cases",2017-10-02,"12:00 PM","1:00 PM",Completed,"ECHO Clinic"
"Autism Overflow Cases",2017-10-06,"12:00 PM","1:00 PM",Completed,"ECHO Clinic"
"Autism Overflow Cases",2017-10-13,"12:00 PM","1:00 PM",Completed,"ECHO Clinic"
"Autism Overflow Cases",2017-10-20,"12:00 PM","1:15 PM",Completed,"ECHO Clinic"
Autism,2017-11-01,"11:45 AM","1:15 PM",Completed,"ECHO Clinic"
Autism,2017-11-15,"11:45 AM","1:15 PM",Completed,"ECHO Clinic"
"Pain Management",2017-11-02,"12:00 PM","1:00 PM",Completed,"ECHO Clinic"
"Pain Management",2017-11-16,"12:00 PM","1:00 PM",Completed,"ECHO Clinic"
"Child Psych",2017-11-10,"12:00 PM","1:00 PM",Completed,"ECHO Clinic"
"Child Psych",2017-10-27,"12:00 PM","1:00 PM",Completed,"ECHO Clinic"
"Pain Management",2017-11-30,"12:00 PM","1:00 PM",Completed,"ECHO Clinic"
"Community Health Worker",2017-11-07,"2:00 PM","3:00 PM",Completed,"ECHO Clinic"
"Community Health Worker",2017-11-21,"2:00 PM","3:00 PM",Completed,"ECHO Clinic"
"Healthcare Ethics",2017-11-09,"11:00 AM","12:00 PM",Completed,"ECHO Clinic"
Dermatology,2017-11-10,"12:00 PM","1:00 PM",Completed,"ECHO Clinic"
Dermatology,2017-11-17,"12:00 PM","1:00 PM",Completed,"ECHO Clinic"
"Hepatitis C",2017-11-03,"12:00 PM","1:00 PM",Completed,"ECHO Clinic"
"Opioid Use Disorder",2017-11-10,"12:00 PM","1:00 PM",Completed,"ECHO Clinic"
"Autism Overflow Cases",2017-11-01,"1:30 PM","2:00 PM",Completed,"ECHO Clinic"
"Asthma Care & Education ",2017-11-14,"12:00 PM","1:30 PM",Completed,"ECHO Clinic"
"Autism Overflow Cases",2017-11-15,"2:00 PM","5:00 PM",Completed,"ECHO Clinic"
"Autism Overflow Cases",2017-11-29,"2:00 PM","2:30 PM",Completed,"ECHO Clinic"
"Hepatitis C",2017-12-15,"12:00 PM","1:00 PM",Completed,"ECHO Clinic"
"Asthma Care & Education ",2017-11-28,"12:00 PM","1:00 PM",Completed,"ECHO Clinic"
Autism,2017-12-06,"11:45 AM","1:15 PM",Completed,"ECHO Clinic"
Autism,2017-12-20,"11:45 AM","1:15 PM",Completed,"ECHO Clinic"
"Child Psych",2017-12-08,"12:00 PM","1:00 PM",Completed,"ECHO Clinic"
"Child Psych",2017-12-22,"12:00 PM","1:00 PM",Completed,"ECHO Clinic"
"Pain Management",2017-12-14,"12:00 PM","1:00 PM",Completed,"ECHO Clinic"
"Healthcare Ethics",2017-12-14,"11:00 AM","12:00 PM",Completed,"ECHO Clinic"
"Hepatitis C",2017-12-01,"12:00 PM","1:00 PM",Completed,"ECHO Clinic"
Dermatology,2017-12-01,"12:00 PM","1:00 PM",Completed,"ECHO Clinic"
Dermatology,2017-12-08,"12:00 PM","1:00 PM",Completed,"ECHO Clinic"
Dermatology,2017-12-15,"12:00 PM","1:00 PM",Completed,"ECHO Clinic"
"Community Health Worker",2017-12-05,"2:00 PM","3:00 PM",Completed,"ECHO Clinic"
"Community Health Worker",2017-12-19,"2:00 PM","3:00 PM",Completed,"ECHO Clinic"
"Opioid Use Disorder",2017-12-08,"12:00 PM","1:00 PM",Completed,"ECHO Clinic"
"Pain Management",2015-01-08,"12:30 PM","2:00 PM",Completed,Training
"Autism Overflow Cases",2017-12-28,"11:45 AM","1:15 PM",Completed,"ECHO Clinic"
"Pain Management",2014-11-06,"12:00 PM","1:00 PM",Completed,"ECHO Clinic"
"Pain Management",2014-11-20,"12:00 PM","1:00 PM",Completed,"ECHO Clinic"
"Pain Management",2014-12-04,"12:00 PM","1:00 PM",Completed,"ECHO Clinic"
"Pain Management",2015-01-22,"12:30 PM","2:00 PM",Completed,Training
"Pain Management",2015-02-05,"12:00 PM","1:00 PM",Completed,"ECHO Clinic"
"Pain Management",2015-02-19,"12:00 PM","1:00 PM",Completed,"ECHO Clinic"
"Pain Management",2015-01-15,"12:30 PM","2:00 PM",Completed,Training
"Pain Management",2015-01-29,"12:00 PM","1:00 PM",Completed,Training
Autism,2015-02-04,"12:00 PM","1:00 PM",Completed,Training
Autism,2015-03-04,"11:30 AM","1:30 PM",Completed,"ECHO Clinic"
Autism,2015-02-25,"11:30 AM","1:00 PM",Completed,Training
Autism,2015-03-18,"11:30 AM","1:30 PM",Completed,"ECHO Clinic"
Autism,2015-04-01,"11:30 AM","1:30 PM",Completed,"ECHO Clinic"
Autism,2015-04-15,"11:30 AM","1:30 PM",Completed,"ECHO Clinic"
"Pain Management",2015-04-02,"12:00 PM","1:00 PM",Completed,"ECHO Clinic"
"Pain Management",2015-04-16,"12:00 PM","1:00 PM",Completed,"ECHO Clinic"
Autism,2015-05-06,"11:30 AM","1:30 PM",Completed,"ECHO Clinic"
Autism,2015-05-20,"11:30 AM","1:30 PM",Completed,"ECHO Clinic"
"Pain Management",2015-05-07,"12:00 PM","1:00 PM",Completed,"ECHO Clinic"
"Pain Management",2015-05-21,"12:00 PM","1:00 PM",Completed,"ECHO Clinic"
"Pain Management",2015-06-04,"12:00 PM","1:00 PM",Completed,"ECHO Clinic"
"Pain Management",2015-06-18,"12:00 PM","1:00 PM",Completed,"ECHO Clinic"
Autism,2015-06-03,"11:30 AM","1:30 PM",Completed,"ECHO Clinic"
Autism,2015-06-17,"11:30 AM","1:30 PM",Completed,"ECHO Clinic"
Autism,2015-07-01,"11:30 AM","1:30 PM",Completed,"ECHO Clinic"
Autism,2015-07-15,"11:30 AM","1:30 PM",Completed,"ECHO Clinic"
Autism,2015-08-05,"11:30 AM","1:30 PM",Completed,"ECHO Clinic"
Autism,2015-08-19,"11:30 AM","1:30 PM",Completed,"ECHO Clinic"
Autism,2015-09-02,"11:30 AM","1:30 PM",Completed,"ECHO Clinic"
Autism,2015-09-16,"11:30 AM","1:30 PM",Completed,"ECHO Clinic"
Autism,2015-10-07,"11:45 AM","1:15 PM",Completed,"ECHO Clinic"
Asthma,2015-09-15,"12:00 PM","1:30 PM",Completed,"ECHO Clinic"
Asthma,2015-09-22,"12:00 PM","1:30 PM",Completed,"ECHO Clinic"
Asthma,2015-09-29,"12:00 PM","1:30 PM",Completed,"ECHO Clinic"
Asthma,2015-10-13,"12:00 PM","1:30 PM",Completed,"ECHO Clinic"
Asthma,2015-10-20,"12:00 PM","1:30 PM",Completed,"ECHO Clinic"
Asthma,2015-10-27,"12:00 PM","1:30 PM",Completed,"ECHO Clinic"
Endocrinology,2015-08-20,"3:00 PM","4:30 PM",Completed,Training
Endocrinology,2015-09-03,"3:00 PM","4:30 PM",Completed,"ECHO Clinic"
"Pain Management",2015-09-17,"12:00 PM","1:00 PM",Completed,"ECHO Clinic"
Asthma,2015-08-25,"12:00 PM","1:30 PM",Completed,Training
Endocrinology,2015-08-27,"3:00 PM","4:30 PM",Completed,Training
"Pain Management",2015-09-03,"12:00 PM","1:00 PM",Completed,Training
Endocrinology,2015-09-10,"3:00 PM","4:30 PM",Completed,"ECHO Clinic"
Endocrinology,2015-09-17,"3:00 PM","4:30 PM",Completed,"ECHO Clinic"
Endocrinology,2015-09-24,"3:00 PM","4:30 PM",Completed,"ECHO Clinic"
Endocrinology,2015-10-01,"3:00 PM","4:30 PM",Completed,"ECHO Clinic"
"Pain Management",2015-10-01,"12:00 PM","1:00 PM",Completed,"ECHO Clinic"
Endocrinology,2015-10-08,"3:00 PM","4:30 PM",Completed,"ECHO Clinic"
Endocrinology,2015-10-22,"3:00 PM","4:30 PM",Completed,"ECHO Clinic"
Endocrinology,2015-10-15,"3:00 PM","4:30 PM",Completed,"ECHO Clinic"
"Pain Management",2015-10-29,"12:00 PM","1:00 PM",Completed,"ECHO Clinic"
Autism,2015-10-21,"11:45 AM","1:15 PM",Completed,"ECHO Clinic"
Dermatology,2015-11-20,"12:00 PM","1:00 PM",Completed,"ECHO Clinic"
Endocrinology,2015-10-29,"3:00 PM","4:30 PM",Completed,"ECHO Clinic"
Dermatology,2015-10-09,"12:00 PM","1:00 PM",Completed,Training
"Pain Management",2015-11-12,"12:00 PM","1:00 PM",Completed,"ECHO Clinic"
Autism,2015-11-18,"11:45 AM","1:15 PM",Completed,"ECHO Clinic"
Autism,2015-11-04,"11:45 AM","1:15 PM",Completed,"ECHO Clinic"
Endocrinology,2015-11-05,"3:00 PM","4:30 PM",Completed,"ECHO Clinic"
Endocrinology,2015-11-12,"3:00 PM","4:30 PM",Completed,"ECHO Clinic"
Autism,2015-12-02,"11:45 AM","1:15 PM",Completed,"ECHO Clinic"
Dermatology,2015-12-04,"12:00 PM","1:00 PM",Completed,"ECHO Clinic"
Autism,2015-12-16,"11:45 AM","1:15 PM",Completed,"ECHO Clinic"
"Pain Management",2015-12-03,"12:00 PM","1:00 PM",Completed,"ECHO Clinic"
Dermatology,2015-12-11,"12:00 PM","1:00 PM",Completed,"ECHO Clinic"
Dermatology,2015-12-18,"12:00 PM","1:00 PM",Completed,"ECHO Clinic"
